user_input,retrieved_contexts,response,reference,faithfulness,answer_relevancy,context_recall,context_precision
What voltage and interface does the white LED module use?,"['**Specifications:**\n\n-   Control interface: Digital\n\n-   Operating voltage: DC 3.3-5V\n\n-   Pin pitch:2.54mm\n\n-   Emitting color: white', 'Authoritative document text:\n**Hardware Connection**\n\nConnect the negative pin of LED module to GND, positive pin to VCC (3.3-5V), Signal pin to digital pin 7.\n\nImage caption (use only for additional visual details):\nComponent: Keyestudio LED module.\n\nPurpose: Demonstrates the hardware component used for the ""LED Flash"" project.\n\nTechnical details:\n- Board markings: ""LED"", ""R1"", ""R2"", ""Q1"", ""Keyestudio"".\n- Component labels: Resistor R1 marked ""102"", Resistor R2 marked ""122"".\n- Pin headers: Three-pin interface labeled ""S"" (Signal), ""+"" (Positive/VCC), and ""-"" (Negative/GND).\n- Integrated components: One through-hole LED, one surface-mount transistor (Q1), two surface-mount resistors (R1, R2).\n\nUncertainty: The exact part number of the transistor Q1 is unreadable due to image resolution.', '**Specification:**\n\n-   Color: red, green and blue\n\n-   Brightness: High\n\n-   Voltage: 5V\n\n-   Input: digital level', '**Specification:**\n\n-   Supply Voltage: 3.3V to 5V\n\n-   Interface: Analog x2, Digital x1', 'Authoritative document text:\n**Hardware Connection**\n\nConnect the negative pin of LED module to GND, positive pin to VCC (3.3-5V), Signal pin to digital pin 7.\n\nImage caption (use only for additional visual details):\nComponent: Keyestudio MEGA Sensor Shield V1.3 and LED module.\n\nPurpose: Demonstrates the connection between an LED module and the MEGA Sensor Shield V1.3.\n\nTechnical details:\n- LED module pins: Signal (S), Positive (+), Negative (-).\n- Connection wiring:\n    - LED module S connects to Shield pin 6 (Digital).\n    - LED module + connects to Shield pin 5 (Digital).\n    - LED module - connects to Shield pin 4 (Digital).\n- Shield interface: The diagram displays 3-pin headers (G, V, S) grouped for Digital and Analog pins.\n\nUncertainty: While lines are drawn to pins, the specific header labels (G, V, S) at the destination pins are obscured by the overlapping wire colors (grey, red, blue).']",The white LED module uses a digital interface and an operating voltage of DC 3.3-5V.,It uses a digital interface and operates from 3.3 to 5 V.,1.0,0.899223013681851,1.0,0.99999999998
"Using the wiring diagram, how should I connect the white LED module to the Arduino-compatible V4.0 board, and what should it do after the program is uploaded?","['**Components Introduction:**\n\nThis is a special LED module. When you connect it to ARDUINO development board, after program, it can emit beautiful light. Of course, you can also control it using PWM. It will be like fireflies at night. Isn’t cool? We can also combine it with other sensors to do interesting interactive experiments.', '**For V4.0 connection:**\n\nStack the Sensor Shield V5 onto the V4.0 board, then connect the LED module.\n\n****', '**Hardware Connection**\n\nTo begin with, you need to prepare the following parts before connection:\n\n-   Control board \\* 1\n\n-   keyestudio Sensor Shield V5\\* 1\n\n-   USB Cable\\* 1\n\n-   RGB LED module \\* 1\n\n-   Dupont Line \\*4\n\nConnect the R pin of RGB module to Digital 10 of V4.0 board, connect the B pin to Digital 9, G pin to Digital 11, GND pin to ground port.', 'Component: Keyestudio Sensor Shield V5.2 connected to a Relay Module and a separate LED module.\n\nPurpose: Demonstrates the wiring configuration for the ""V4.0 R3"" project setup using the sensor shield.\n\nTechnical details:\n- Relay Module pins (S, +, -) are connected to Shield digital pin 10 (S), 5V (from +), and GND (from -).\n- LED module pins (-, +, S) are connected to Shield GND (from -), 5V (from +), and digital pin 9 (S).\n- The relay terminal block (CON2) shows connections to the LED module pins.\n- Relay Module components: Led, Q1, D1, R1, CON2.\n- LED Module components: Led, R1 (labeled 102), R2 (labeled 221), Q1.\n\nUncertainty: The orange wiring path from the Relay Module CON2 to the LED module is partially obscured, and the specific connection mapping between the relay and the LED module\'s +/- pins is ambiguous due to wire layering.', '**Description:**\n\nWhen learning the microcontroller, you may usually use three LEDs, namely red, green and yellow lights to simulate the traffic light blinking via external connection.\n\nThis time we specially design this module which is very convenient for wiring, and on the module you can see the red, yellow and green LED.\n\nThis traffic light module is fully compatible with Arduino microcontroller and Raspberry Pi system.']","To connect the LED module, stack the Sensor Shield V5 onto the V4.0 board and connect the LED module pins (-, +, S) to the shield's GND, 5V, and digital pin 9, respectively. After the program is uploaded, it can emit light and be controlled using PWM to look like fireflies.","Connect − to GND, + to 3.3–5 V, and S to D7. After upload, it should blink one second on and one second off repeatedly.",0.8333333333333334,0.7082722655756349,0.0,0.0
"Using the wiring diagram, which Arduino pins are used for the red, blue, and green channels of the RGB LED module?","['Authoritative document text:\n**Hardware Connection**\n\nTo begin with, you need to prepare the following parts before connection:\n\n-   Control board \\* 1\n\n-   keyestudio Sensor Shield V5\\* 1\n\n-   USB Cable\\* 1\n\n-   RGB LED module \\* 1\n\n-   Dupont Line \\*4\n\nConnect the R pin of RGB module to Digital 10 of V4.0 board, connect the B pin to Digital 9, G pin to Digital 11, GND pin to ground port.\n\nImage caption (use only for additional visual details):\nComponent: MEGA Sensor Shield V1.3 connected to an RGB LED module.\nPurpose: Demonstrates the pin wiring configuration between the Keyestudio RGB LED module and the MEGA Sensor Shield V1.3.\nTechnical details:\n- RGB LED module pins (V, B, R, G) are wired to the Sensor Shield.\n- Red wire connects RGB V pin to shield pin 44.\n- Blue wire connects RGB B pin to shield pin 45.\n- Magenta wire connects RGB R pin to shield pin 46.\n- Green wire connects RGB G pin to shield pin 47.\n- Shield features labeled pin groups including PWM (0-21), DIGITAL (22-45), and ANALOG (46-53, A0-A15).\nUncertainty: None.', 'Authoritative document text:\n**Hardware Connection**\n\nTo begin with, you need to prepare the following parts before connection:\n\n-   Control board \\* 1\n\n-   keyestudio Sensor Shield V5\\* 1\n\n-   USB Cable\\* 1\n\n-   RGB LED module \\* 1\n\n-   Dupont Line \\*4\n\nConnect the R pin of RGB module to Digital 10 of V4.0 board, connect the B pin to Digital 9, G pin to Digital 11, GND pin to ground port.\n\nImage caption (use only for additional visual details):\nComponent: Keyestudio RGB LED module.\nPurpose: Displays the physical board layout and pinout for an RGB LED project.\nTechnical details: The board features a central RGB LED, three resistors labeled R1, R2, and R3, and a four-pin interface. The pinout is labeled vertically on the board as G (Green), R (Red), B (Blue), and V (Voltage/VCC). Resistor R2 is marked with ""331"".\nUncertainty: The exact resistance values for R1 and R3 are not clearly readable.', '**Description:**\n\nWhen learning the microcontroller, you may usually use three LEDs, namely red, green and yellow lights to simulate the traffic light blinking via external connection.\n\nThis time we specially design this module which is very convenient for wiring, and on the module you can see the red, yellow and green LED.\n\nThis traffic light module is fully compatible with Arduino microcontroller and Raspberry Pi system.', 'Authoritative document text:\n**Hardware Connection**\n\nTo begin with, you need to prepare the following parts before connection:\n\n-   Control board \\* 1\n\n-   keyestudio Sensor Shield V5\\* 1\n\n-   USB Cable\\* 1\n\n-   RGB LED module \\* 1\n\n-   Dupont Line \\*4\n\nConnect the R pin of RGB module to Digital 10 of V4.0 board, connect the B pin to Digital 9, G pin to Digital 11, GND pin to ground port.\n\nImage caption (use only for additional visual details):\nComponent: Keyestudio Sensor Shield V5.2 and an RGB LED module.\n\nPurpose: Demonstrates the wiring connections between the Sensor Shield V5.2 and an RGB LED module.\n\nTechnical details:\n- Connections (Shield to LED Module):\n  - Shield pin 9 (S row) to LED module pin V (red wire)\n  - Shield pin 10 (S row) to LED module pin B (blue wire)\n  - Shield pin 11 (S row) to LED module pin R (magenta wire)\n  - Shield pin 12 (S row) to LED module pin G (green wire)\n- Shield labels: RESET, keyestudio, Sensor Shield V5.2, AREF, GND, 13, 12, 11, 10, 9, 7, 6, 5, 4, 3, 2, 1, 0, A0-A5, COM (TX, RX, GND, 5V), APC220, IIC (SCL, SDA, 5V, GND), POWER (RESET, 3V3, 5V, GND, VIN), SPI (13, 11, 12, 10), URF, 01+, A0, A1, SEL, GND, VCC.\n- RGB LED module labels: Keyestudio, R1, R2, R3, LED, V, B, R, G, RGB.\n\nUncertainty: None.', ""Authoritative document text:\n**Hardware Connection**\n\nTo begin with, you need to prepare the following parts before connection:\n\n-   Control board \\* 1\n\n-   keyestudio Sensor Shield V5\\* 1\n\n-   USB Cable\\* 1\n\n-   RGB LED module \\* 1\n\n-   Dupont Line \\*4\n\nConnect the R pin of RGB module to Digital 10 of V4.0 board, connect the B pin to Digital 9, G pin to Digital 11, GND pin to ground port.\n\nImage caption (use only for additional visual details):\nComponent: Keyestudio RGB LED module connected to a Keyestudio Sensor Shield V5.0.\n\nPurpose: Demonstrates the experimental setup and output of an RGB LED module being driven by a microcontroller shield powered by dual 18650 3.7V batteries.\n\nTechnical details:\n- RGB LED module pins labeled: G, R, B, V.\n- Sensor Shield V5.0 headers visible for analog and digital I/O.\n- Power source: 2-cell 18650 3.7V battery holder connected to the shield's DC power jack.\n- Connection: 4-pin jumper cable connects the RGB module to the shield.\n- Visual output: Two circular insets showing the LED emitting different color combinations.\n\nUncertainty: Specific pin mapping on the Sensor Shield header for the RGB module cannot be read with certainty.""]","Based on the authoritative text provided in the contexts, the Arduino pins used are as follows:

*   **Red (R) channel:** Digital 10
*   **Blue (B) channel:** Digital 9
*   **Green (G) channel:** Digital 11","R goes to D10, B to D9, G to D11, and GND goes to ground.",1.0,0.8730690712349579,1.0,0.8874999999778125
"How can the RGB LED module create colors other than red, green, and blue?","['**Introduction:**\n\nThis is a full-color LED module, which contains 3 basic colors－red, green and blue. They can be seen as separate LED lights.\n\nAfter program, we can turn them on and off by sequence. We can also use PWM analog output to mix the three colors to generate different colors.', '**Specification:**\n\n-   Color: red, green and blue\n\n-   Brightness: High\n\n-   Voltage: 5V\n\n-   Input: digital level', 'Authoritative document text:\n**Hardware Connection**\n\nTo begin with, you need to prepare the following parts before connection:\n\n-   Control board \\* 1\n\n-   keyestudio Sensor Shield V5\\* 1\n\n-   USB Cable\\* 1\n\n-   RGB LED module \\* 1\n\n-   Dupont Line \\*4\n\nConnect the R pin of RGB module to Digital 10 of V4.0 board, connect the B pin to Digital 9, G pin to Digital 11, GND pin to ground port.\n\nImage caption (use only for additional visual details):\nComponent: Keyestudio RGB LED module.\nPurpose: Displays the physical board layout and pinout for an RGB LED project.\nTechnical details: The board features a central RGB LED, three resistors labeled R1, R2, and R3, and a four-pin interface. The pinout is labeled vertically on the board as G (Green), R (Red), B (Blue), and V (Voltage/VCC). Resistor R2 is marked with ""331"".\nUncertainty: The exact resistance values for R1 and R3 are not clearly readable.', '**Experiment Result:**\n\nYou can see the RGB LED flashing in various colors.', '**Description:**\n\nWhen learning the microcontroller, you may usually use three LEDs, namely red, green and yellow lights to simulate the traffic light blinking via external connection.\n\nThis time we specially design this module which is very convenient for wiring, and on the module you can see the red, yellow and green LED.\n\nThis traffic light module is fully compatible with Arduino microcontroller and Raspberry Pi system.']","The RGB LED module can create different colors by using PWM analog output to mix the three basic colors (red, green, and blue).","Use PWM to vary and mix the red, green, and blue channels.",0.25,0.9503154536440211,1.0,0.9999999999
"Using the wiring diagram, how are the red, yellow, and green pins of the traffic light module connected?","['**Description:**\n\nWhen learning the microcontroller, you may usually use three LEDs, namely red, green and yellow lights to simulate the traffic light blinking via external connection.\n\nThis time we specially design this module which is very convenient for wiring, and on the module you can see the red, yellow and green LED.\n\nThis traffic light module is fully compatible with Arduino microcontroller and Raspberry Pi system.', 'Authoritative document text:\n**Hardware Connection**\n\nTo begin with, you need to prepare the following parts:\n\n-   Control board \\* 1\n\n-   keyestudio Sensor Shield V5\\* 1\n\n-   USB Cable\\* 1\n\n-   Rotary encoder sensor\\*1\n\n-   Traffic light module\\*1\n\n-   Dupont Line \\*8\n\nImage caption (use only for additional visual details):\nComponent: Keyestudio MEGA Sensor Shield V1.3, Rotary Encoder module, and Traffic Light module.\nPurpose: Demonstrates the wiring connections between a Keyestudio sensor shield, a rotary encoder, and a traffic light module.\nTechnical details:\n- Rotary Encoder connections (labeled top to bottom): ""-"" to GND (gray), ""+"" to 5V (red), ""SW"" to pin 2 (blue), ""DT"" to pin 3 (green), ""CLK"" to pin 4 (cyan).\n- Traffic Light module connections (labeled top to bottom): ""R"" to pin 7 (yellow), ""Y"" to pin 6 (green), ""G"" to pin 5 (yellow), ""GND"" to GND (gray).\n- Sensor Shield pin headers labeled G (GND), V (VCC), S (Signal) for pins 2-7.\n- Traffic Light LEDs labeled LED-R, LED-Y, LED-G with R3, R2, R1 resistors.\nUncertainty: None.', 'Authoritative document text:\n**Hardware Connection**\n\nFirst, you need to prepare the following parts before connection:\n\n-   Control board \\* 1\n\n-   keyestudio Sensor Shield V5\\* 1\n\n-   USB Cable\\* 1\n\n-   Traffic light module \\* 1\n\n-   Dupont Line \\*4\n\nConnect the R pin of module to Digital 3 of V4.0 board, connect the Y pin to Digital 4, G pin to Digital 5, GND pin to ground port.\n\nImage caption (use only for additional visual details):\nComponent: Keyestudio Traffic Light module.\n\nPurpose: Demonstrates a 3-LED traffic light display board with a 4-pin interface for microcontroller integration.\n\nTechnical details:\n- Interface: 4-pin header labeled R, Y, G, GND.\n- LEDs: Red (LED-R), Yellow (LED-Y), Green (LED-G).\n- Resistors: R3 (labeled 471), R2 (labeled 471), R1 (labeled 221).\n- Branding: Printed with ""keyestudio"" and ""TRAFFIC LIGHT"".\n\nUncertainty: None.', 'Authoritative document text:\n**Hardware Connection**\n\nFirst, you need to prepare the following parts before connection:\n\n-   Control board \\* 1\n\n-   keyestudio Sensor Shield V5\\* 1\n\n-   USB Cable\\* 1\n\n-   Traffic light module \\* 1\n\n-   Dupont Line \\*4\n\nConnect the R pin of module to Digital 3 of V4.0 board, connect the Y pin to Digital 4, G pin to Digital 5, GND pin to ground port.\n\nImage caption (use only for additional visual details):\nComponent: Keyestudio MEGA Sensor Shield V1.3 and Traffic Light module.\nPurpose: Demonstrates the wiring connections for a traffic light module to a MEGA Sensor Shield.\nTechnical details:\n- Traffic Light pins (R, Y, G, GND) connect to the Sensor Shield pins (Signal pins).\n- Red wire connects to Digital pin 36.\n- Orange wire connects to Digital pin 35.\n- Green wire connects to Digital pin 34.\n- Gray wire connects to Digital pin 33.\n- Keyestudio Traffic Light module contains LEDs labeled LED-R (R3), LED-Y (R2), and LED-G (R1).\n- Sensor Shield features headers labeled DIGITAL, ANALOG, PWM, ICSP, and URF01.\nUncertainty: None.', ""Authoritative document text:\n**Hardware Connection**\n\nFirst, you need to prepare the following parts before connection:\n\n-   Control board \\* 1\n\n-   keyestudio Sensor Shield V5\\* 1\n\n-   USB Cable\\* 1\n\n-   Traffic light module \\* 1\n\n-   Dupont Line \\*4\n\nConnect the R pin of module to Digital 3 of V4.0 board, connect the Y pin to Digital 4, G pin to Digital 5, GND pin to ground port.\n\nImage caption (use only for additional visual details):\nComponent: Keyestudio Sensor Shield V5.2 and Traffic Light module.\nPurpose: Demonstrates the wiring connections for a Traffic Light module to the Sensor Shield V5.2 board.\nTechnical details: The Traffic Light module pins are connected to the Sensor Shield V5.2 digital I/O pins as follows:\n- Traffic Light 'R' pin to Shield Digital Pin 2 (Signal/S row).\n- Traffic Light 'Y' pin to Shield Digital Pin 3 (Signal/S row).\n- Traffic Light 'G' pin to Shield Digital Pin 4 (Signal/S row).\n- Traffic Light 'GND' pin to Shield Digital Pin 5 (Signal/S row). \nThe Traffic Light module includes resistors labeled 471 (R3, R2) and 221 (R1) for LEDs labeled LED-R, LED-Y, and LED-G.\nUncertainty: The wiring for the GND pin on the Traffic Light module connects to the 'S' row of pin 5 on the shield, which is non-standard but visually explicit in the diagram.""]","Based on the authoritative text in the provided documents, the R pin of the module is connected to Digital 3, the Y pin is connected to Digital 4, and the G pin is connected to Digital 5.","Connect red to D3, yellow to D4, green to D5, and GND to ground.",1.0,0.7959103747208301,1.0,0.47777777776185176
What are the electrical interface and operating-voltage range of the traffic light module?,"['Authoritative document text:\n**Hardware Connection**\n\nFirst, you need to prepare the following parts before connection:\n\n-   Control board \\* 1\n\n-   keyestudio Sensor Shield V5\\* 1\n\n-   USB Cable\\* 1\n\n-   Traffic light module \\* 1\n\n-   Dupont Line \\*4\n\nConnect the R pin of module to Digital 3 of V4.0 board, connect the Y pin to Digital 4, G pin to Digital 5, GND pin to ground port.\n\nImage caption (use only for additional visual details):\nComponent: Traffic light module connected to a Keyestudio Sensor Shield V5.2 on a microcontroller board.\n\nPurpose: Demonstrates the ""Project 3: Traffic Light"" experiment, showing the three LEDs (red, yellow, green) powered and active.\n\nTechnical details:\n- Traffic light module labels: ""TRAFFIC LIGHT"", ""LED-G"", ""LED-Y"", ""LED-R"".\n- Sensor Shield V5.2 connections: The 4-pin interface of the traffic light module is connected to digital I/O pins on the shield.\n- Power: The board is powered by an external battery pack containing two 3.7V 18650 3500mAh Li-ion batteries connected via a DC barrel jack.\n- Shield markings: ""keyestudio"", ""Sensor Shield V5.2"", ""AREF"", ""GND"", ""13"", ""12"", ""11"", ""10"", ""9"", ""8"", ""7"", ""6"", ""5"", ""4"", ""3"", ""2"", ""1"", ""0"", ""A0"", ""A1"", ""A2"", ""A3"", ""A4"", ""A5"", ""IIC"", ""ANALOG IN"", ""POWER"", ""VIN"", ""GND"", ""5V"", ""3V3"", ""RST"", ""SPI"".\n\nUncertainty: Specific pin mapping for the four jumper wires from the traffic light module to the shield headers cannot be definitively read due to wiring density.', 'Authoritative document text:\n**Hardware Connection**\n\nFirst, you need to prepare the following parts before connection:\n\n-   Control board \\* 1\n\n-   keyestudio Sensor Shield V5\\* 1\n\n-   USB Cable\\* 1\n\n-   Traffic light module \\* 1\n\n-   Dupont Line \\*4\n\nConnect the R pin of module to Digital 3 of V4.0 board, connect the Y pin to Digital 4, G pin to Digital 5, GND pin to ground port.\n\nImage caption (use only for additional visual details):\nComponent: Keyestudio Traffic Light module.\n\nPurpose: Demonstrates a 3-LED traffic light display board with a 4-pin interface for microcontroller integration.\n\nTechnical details:\n- Interface: 4-pin header labeled R, Y, G, GND.\n- LEDs: Red (LED-R), Yellow (LED-Y), Green (LED-G).\n- Resistors: R3 (labeled 471), R2 (labeled 471), R1 (labeled 221).\n- Branding: Printed with ""keyestudio"" and ""TRAFFIC LIGHT"".\n\nUncertainty: None.', ""Authoritative document text:\n**Hardware Connection**\n\nFirst, you need to prepare the following parts before connection:\n\n-   Control board \\* 1\n\n-   keyestudio Sensor Shield V5\\* 1\n\n-   USB Cable\\* 1\n\n-   Traffic light module \\* 1\n\n-   Dupont Line \\*4\n\nConnect the R pin of module to Digital 3 of V4.0 board, connect the Y pin to Digital 4, G pin to Digital 5, GND pin to ground port.\n\nImage caption (use only for additional visual details):\nComponent: Keyestudio Sensor Shield V5.2 and Traffic Light module.\nPurpose: Demonstrates the wiring connections for a Traffic Light module to the Sensor Shield V5.2 board.\nTechnical details: The Traffic Light module pins are connected to the Sensor Shield V5.2 digital I/O pins as follows:\n- Traffic Light 'R' pin to Shield Digital Pin 2 (Signal/S row).\n- Traffic Light 'Y' pin to Shield Digital Pin 3 (Signal/S row).\n- Traffic Light 'G' pin to Shield Digital Pin 4 (Signal/S row).\n- Traffic Light 'GND' pin to Shield Digital Pin 5 (Signal/S row). \nThe Traffic Light module includes resistors labeled 471 (R3, R2) and 221 (R1) for LEDs labeled LED-R, LED-Y, and LED-G.\nUncertainty: The wiring for the GND pin on the Traffic Light module connects to the 'S' row of pin 5 on the shield, which is non-standard but visually explicit in the diagram."", 'Authoritative document text:\n**Hardware Connection**\n\nFirst, you need to prepare the following parts before connection:\n\n-   Control board \\* 1\n\n-   keyestudio Sensor Shield V5\\* 1\n\n-   USB Cable\\* 1\n\n-   Traffic light module \\* 1\n\n-   Dupont Line \\*4\n\nConnect the R pin of module to Digital 3 of V4.0 board, connect the Y pin to Digital 4, G pin to Digital 5, GND pin to ground port.\n\nImage caption (use only for additional visual details):\nComponent: Keyestudio MEGA Sensor Shield V1.3 and Traffic Light module.\nPurpose: Demonstrates the wiring connections for a traffic light module to a MEGA Sensor Shield.\nTechnical details:\n- Traffic Light pins (R, Y, G, GND) connect to the Sensor Shield pins (Signal pins).\n- Red wire connects to Digital pin 36.\n- Orange wire connects to Digital pin 35.\n- Green wire connects to Digital pin 34.\n- Gray wire connects to Digital pin 33.\n- Keyestudio Traffic Light module contains LEDs labeled LED-R (R3), LED-Y (R2), and LED-G (R1).\n- Sensor Shield features headers labeled DIGITAL, ANALOG, PWM, ICSP, and URF01.\nUncertainty: None.', '**Description:**\n\nWhen learning the microcontroller, you may usually use three LEDs, namely red, green and yellow lights to simulate the traffic light blinking via external connection.\n\nThis time we specially design this module which is very convenient for wiring, and on the module you can see the red, yellow and green LED.\n\nThis traffic light module is fully compatible with Arduino microcontroller and Raspberry Pi system.']","The traffic light module features a 4-pin interface (labeled R, Y, G, GND). The provided documents do not state the operating-voltage range of the module.",It uses a digital interface and works from 3.3 to 5 V.,1.0,0.0,0.0,0.0
How does the momentary push button behave when it is pressed and released?,"['**Momentary Push button Switch**\n\nThis is a common component for controlling electronic devices. It is mostly used to connect or cut off control circuit so that it can achieve motor or other electronic equipment control.\n\nMomentary Pushbutton Switch usually stays open. When it is pressed down, circuit connected; when it is released, it will bounce back to the status of disconnection.\n\n\n\nMomentary Pushbutton Switch has 4 footers which can be divided into 2 groups:\nfooter 1 short connected with footer 2, footer 3 short connected with footer 4.', 'Authoritative document text:\n**Hardware Connection**\n\nTo begin with, you need to prepare the following parts:\n\n-   Control board \\* 1\n\n-   keyestudio Sensor Shield V5\\* 1\n\n-   USB Cable\\* 1\n\n-   Button module \\* 1\n\n-   Dupont Line \\*3\n\nImage caption (use only for additional visual details):\nComponent: Momentary Pushbutton Switch.\nPurpose: Demonstrates the physical appearance of a through-hole, tactile momentary switch.\nTechnical details: The component features a square black housing with a central circular actuator and four metal leads (footers). Based on the nearby documentation, the four footers are organized into two groups where footer 1 is short-connected to footer 2, and footer 3 is short-connected to footer 4. The switch is normally open and returns to the disconnected state upon release.\nUncertainty: Specific pin numbering (1, 2, 3, 4) is not visually labeled on the component housing.', 'Authoritative document text:\n**Hardware Connection**\n\nTo begin with, you need to prepare the following parts:\n\n-   Control board \\* 1\n\n-   keyestudio Sensor Shield V5\\* 1\n\n-   USB Cable\\* 1\n\n-   Button module \\* 1\n\n-   Dupont Line \\*3\n\nImage caption (use only for additional visual details):\nComponent: Momentary push button switch.\n\nPurpose: Demonstrates the physical pin layout and internal shorted connection groups of a 4-pin momentary switch.\n\nTechnical details: The switch features 4 footers labeled 1, 2, 3, and 4. The visual diagram indicates two internal connection groups highlighted by vertical red lines: footer 1 is short-connected to footer 2, and footer 3 is short-connected to footer 4.\n\nUncertainty: None.', '**Think:**\n\nIf we want to connect more an LED module, light an LED when press down the button, and turn off LED when release the button, then how to program? You can have a try.', '**Sample Code:**\n\n<iframe src=https://create.arduino.cc/editor/keyestudio/19f196e9-d581-47e9-93d5-21291539b6e7/preview?embed style=""height:510px;width:100%;margin:10px 0"" frameborder=0></iframe>\n\n\n**Experiment\nResult:**\n\nDone uploading the code, powered up, when you push the digital button, the Led 13 on V4.0 board will be on. When release the button, the led is off. Shown as below.']","When the momentary push button is pressed, the circuit is connected. When it is released, it bounces back to a disconnected state.","It is normally open: pressing closes the circuit, and releasing opens it again.",1.0,0.9253689347926332,1.0,0.8666666666377778
What should happen to the Arduino board's LED 13 when the button is pressed and released?,"['**Sample Code:**\n\n<iframe src=https://create.arduino.cc/editor/keyestudio/19f196e9-d581-47e9-93d5-21291539b6e7/preview?embed style=""height:510px;width:100%;margin:10px 0"" frameborder=0></iframe>\n\n\n**Experiment\nResult:**\n\nDone uploading the code, powered up, when you push the digital button, the Led 13 on V4.0 board will be on. When release the button, the led is off. Shown as below.', '**Example Result:**\n\nUpload the code to the board.\n\nWhen an object crashes the switch of sensor, both the led on the sensor and led 13 on the V4.0 board are turned on.', ""1 The Board\n1.1 Application Examples\nThe UNO board is the flagship product of Arduino. Regardless if you are new to the world of electronics or will use\nthe UNO R3 as a tool for education purposes or industry-related tasks, the UNO R3 is likely to meet your needs.\nFirst entry to electronics: If this is your first project within coding and electronics, get started with our most used\nand documented board; UNO. It is equipped with the well-known ATmega328P processor, 14 digital input/output\npins, 6 analog inputs, USB connections, ICSP header and reset button. This board includes everything you will need\nfor a great first experience with Arduino.\nIndustry-standard development board: Using the UNO R3 board in industries, there are a range of companies\nusing the UNO R3 board as the brain for their PLC’s.\nEducation purposes: Although the UNO R3 board has been with us for about ten years, it is still widely used for\nvarious education purposes and scientific projects. The board's high standard and top quality performance makes it\na great resource to capture real time from sensors and to trigger complex laboratory equipment to mention a few\nexamples.\n1.2 Related Products\nArduino Starter Kit\nArduino UNO R4 Minima\nArduino UNO R4 WiFi\nTinkerkit Braccio Robot\nArduino® UNO R3\n5 / 26\nArduino® UNO R3\nModified: 17/07/2026"", '**Think:**\n\nIf we want to connect more an LED module, light an LED when press down the button, and turn off LED when release the button, then how to program? You can have a try.', '4 Board Operation\n4.1 Getting Started - IDE\nIf you want to program your UNO R3 while offline you need to install the Arduino Desktop IDE [1] To connect the\nUNO R3 to your computer, you’ll need a USB-B cable. This also provides power to the board, as indicated by the\nLED.\n4.2 Getting Started - Arduino Cloud Editor\nAll Arduino boards, including this one, work out-of-the-box on the Arduino Cloud Editor [2], by just installing a\nsimple plugin.\nThe Arduino Cloud Editor is hosted online, therefore it will always be up-to-date with the latest features and support\nfor all boards. Follow [3] to start coding on the browser and upload your sketches onto your board.\n4.3 Sample Sketches\nSample sketches for the UNO R3 can be found either in the “Examples” menu in the Arduino IDE or in the\n“Documentation” section of the Arduino website [4].\n4.4 Online Resources\nNow that you have gone through the basics of what you can do with the board you can explore the endless\npossibilities it provides by checking exciting projects on Arduino Project Hub [5], the Arduino Library Reference [6]\nand the online Arduino store [7] where you will be able to complement your board with sensors, actuators and\nmore.\nArduino® UNO R3\n9 / 26\nArduino® UNO R3\nModified: 17/07/2026']","When the button is pressed, the LED 13 on the board will be on; when the button is released, the LED will be off.",LED 13 should turn on while the button is pressed and turn off when it is released.,1.0,0.934466684633854,1.0,0.7499999999625
Why does the passive buzzer require pulses from the Arduino?,"['**Introduction:**\n\nWe can use Arduino to make many interactive works of which the most commonly used is acoustic-optic display.\n\nAll the previous experiment has something to do with LED. However, the circuit in this experiment can produce sound. Normally, the experiment is done with a buzzer or a speaker while buzzer is simpler and easier to use.\n\nThe buzzer we introduced here is a passive buzzer. It cannot be actuated by itself, but by external pulse frequencies. Different frequencies produce different sounds. We can use Arduino to code the melody of a song, which is quite fun and simple.', 'Component: Keyestudio 37-in-1 Sensor Learning Kit for Arduino.\n\nPurpose: Demonstrates the various digital and analog sensor modules and special modules included in the learning kit.\n\nTechnical details: The collection includes, but is not limited to: HC-SR04 ultrasonic sensor, relay module (SRD-05VDC-SL-C), DHT11 temperature/humidity sensor, passive/active buzzers, joystick, rotary encoder, touch module, vibration sensor, microphone sensor, steam sensor, IR transmitter/receiver, LED modules, traffic light module, button switches, and various light/temperature sensors. Most modules feature standard 3-pin or 4-pin male headers for connection to MCU platforms like Arduino, 51, STM32, or Raspberry Pi.\n\nUncertainty: Precise identification of every individual module in the collage is limited by module orientation and overlapping components. Specific board labels (e.g., R1, C1, U1) are visible on many modules but do not provide function context beyond the general module type.', 'Authoritative document text:\n**Hardware Connection**\n\nTo begin with, you need to prepare the following parts:\n\n-   Control board \\* 1\n\n-   keyestudio Sensor Shield V5\\* 1\n\n-   USB Cable\\* 1\n\n-   Passive buzzer module \\* 1\n\n-   Dupont Line \\*3\n\nImage caption (use only for additional visual details):\nComponent: Keyestudio sensor shield mounted on a microcontroller board, connected to a passive buzzer module and a dual 18650 battery holder.\n\nPurpose: Demonstrates the hardware configuration for the passive buzzer experiment.\n\nTechnical details:\n- Buzzer module: Labeled ""KEYESTUDIO"" and ""BUZZER"". 3-pin connection via jumper wires.\n- Microcontroller/Shield: Labeled ""keyestudio Sensor Shield V2"". Features include digital pins (0-13), analog pins (A0-A5), power headers, reset button, and USB-B port.\n- Power: External power supplied via a DC barrel jack connected to a 2-slot battery holder containing two ""BRC 18650 3500mAh 3.7V Li-ion"" batteries.\n- Status: Red power indicator LED is lit on the board.\n\nUncertainty: Specific pin connections of the buzzer jumper wires to the sensor shield headers are obscured by the viewing angle.', 'Authoritative document text:\n**Hardware Connection**\n\nTo begin with, you need to prepare the following parts:\n\n-   Control board \\* 1\n\n-   keyestudio Sensor Shield V5\\* 1\n\n-   USB Cable\\* 1\n\n-   Passive buzzer module \\* 1\n\n-   Dupont Line \\*3\n\nImage caption (use only for additional visual details):\nComponent: Keyestudio Passive Buzzer module.\nPurpose: Demonstrates the physical layout and pinout of the passive buzzer module.\nTechnical details: The board features a buzzer component, resistor (labeled R1 with value 102), and transistor (labeled Q1 with mark J3Y). The 3-pin interface is labeled as follows: S (Signal), + (Positive power), and - (Negative/Ground).\nUncertainty: None.', ""Authoritative document text:\n**Hardware Connection**\n\nTo begin with, you need to prepare the following parts:\n\n-   Control board \\* 1\n\n-   keyestudio Sensor Shield V5\\* 1\n\n-   USB Cable\\* 1\n\n-   Passive buzzer module \\* 1\n\n-   Dupont Line \\*3\n\nImage caption (use only for additional visual details):\nComponent: Keyestudio MEGA Sensor Shield V1.3 and Passive Buzzer module.\nPurpose: Demonstrates the wiring connection for a passive buzzer project on a 2560 R3-compatible shield.\nTechnical details: The buzzer module pins are connected to the shield as follows:\n- Buzzer '-' pin (grey wire) connects to shield 'G' pin above digital pin 2.\n- Buzzer '+' pin (red wire) connects to shield 'V' pin above digital pin 2.\n- Buzzer 'S' pin (purple wire) connects to shield 'S' pin for digital pin 2.\nUncertainty: None.""]","A passive buzzer requires pulses from the Arduino because it cannot be actuated by itself. It must be driven by external pulse frequencies, with different frequencies producing different sounds.","Because it has no internal oscillator. The Arduino must supply pulses, and changing the pulse frequency changes the sound.",0.75,0.9454755850205965,1.0,0.9999999999
What voltage and interface type does the passive buzzer module use?,"['**Specification:**\n\n-   Working voltage: 3.3-5v\n\n-   Interface type: digital', 'Authoritative document text:\n**Hardware Connection**\n\nTo begin with, you need to prepare the following parts:\n\n-   Control board \\* 1\n\n-   keyestudio Sensor Shield V5\\* 1\n\n-   USB Cable\\* 1\n\n-   Passive buzzer module \\* 1\n\n-   Dupont Line \\*3\n\nImage caption (use only for additional visual details):\nComponent: Keyestudio Passive Buzzer module.\nPurpose: Demonstrates the physical layout and pinout of the passive buzzer module.\nTechnical details: The board features a buzzer component, resistor (labeled R1 with value 102), and transistor (labeled Q1 with mark J3Y). The 3-pin interface is labeled as follows: S (Signal), + (Positive power), and - (Negative/Ground).\nUncertainty: None.', ""Authoritative document text:\n**Hardware Connection**\n\nTo begin with, you need to prepare the following parts:\n\n-   Control board \\* 1\n\n-   keyestudio Sensor Shield V5\\* 1\n\n-   USB Cable\\* 1\n\n-   Passive buzzer module \\* 1\n\n-   Dupont Line \\*3\n\nImage caption (use only for additional visual details):\nComponent: Keyestudio MEGA Sensor Shield V1.3 and Passive Buzzer module.\nPurpose: Demonstrates the wiring connection for a passive buzzer project on a 2560 R3-compatible shield.\nTechnical details: The buzzer module pins are connected to the shield as follows:\n- Buzzer '-' pin (grey wire) connects to shield 'G' pin above digital pin 2.\n- Buzzer '+' pin (red wire) connects to shield 'V' pin above digital pin 2.\n- Buzzer 'S' pin (purple wire) connects to shield 'S' pin for digital pin 2.\nUncertainty: None."", 'Authoritative document text:\n**Hardware Connection**\n\nTo begin with, you need to prepare the following parts:\n\n-   Control board \\* 1\n\n-   keyestudio Sensor Shield V5\\* 1\n\n-   USB Cable\\* 1\n\n-   Passive buzzer module \\* 1\n\n-   Dupont Line \\*3\n\nImage caption (use only for additional visual details):\nComponent: Keyestudio Sensor Shield V5.2 and Passive Buzzer module.\n\nPurpose: Demonstrates the wiring connection for a passive buzzer in Project 5.\n\nTechnical details:\n- Shield connections: The buzzer is connected to digital pin 3 (S), 5V (V), and GND (G) on the Sensor Shield V5.2. \n- Buzzer module pins: Labeled S, +, and -. \n- Wiring: \n  - Shield pin S (row 3) connects to Buzzer pin S.\n  - Shield pin V (row 3) connects to Buzzer pin +.\n  - Shield pin G (row 3) connects to Buzzer pin -.\n- Shield labels: RESET, G, V, S, 13, 12, 11, 10, 9, 8, 7, 6, 5, 4, 3, 2, 1, 0, TX, RX, D5V, COM, APC220, SCL, SDA, 5V, GND, IIC, A0-A5, POWER, ANALOG IN, SPI, URF.\n- Buzzer module labels: Keyestudio, Q1, R1 (102), Buzzer icon.\n\nUncertainty: None.', 'Authoritative document text:\n**Hardware Connection**\n\nTo begin with, you need to prepare the following parts:\n\n-   Control board \\* 1\n\n-   keyestudio Sensor Shield V5\\* 1\n\n-   USB Cable\\* 1\n\n-   Passive buzzer module \\* 1\n\n-   Dupont Line \\*3\n\nImage caption (use only for additional visual details):\nComponent: Keyestudio sensor shield mounted on a microcontroller board, connected to a passive buzzer module and a dual 18650 battery holder.\n\nPurpose: Demonstrates the hardware configuration for the passive buzzer experiment.\n\nTechnical details:\n- Buzzer module: Labeled ""KEYESTUDIO"" and ""BUZZER"". 3-pin connection via jumper wires.\n- Microcontroller/Shield: Labeled ""keyestudio Sensor Shield V2"". Features include digital pins (0-13), analog pins (A0-A5), power headers, reset button, and USB-B port.\n- Power: External power supplied via a DC barrel jack connected to a 2-slot battery holder containing two ""BRC 18650 3500mAh 3.7V Li-ion"" batteries.\n- Status: Red power indicator LED is lit on the board.\n\nUncertainty: Specific pin connections of the buzzer jumper wires to the sensor shield headers are obscured by the viewing angle.']",The passive buzzer module uses a working voltage of 3.3-5V and a digital interface type.,It operates from 3.3 to 5 V and uses a digital interface.,1.0,0.9741081150215201,1.0,0.8041666666465626
Can the capacitive touch sensor detect a touch through cloth or paper?,"['**Introduction:**\n\nAre you tired of clicking mechanic button? Well, try our capacitive touch sensor. We can find touch sensors mostly on electronic device. So upgrade your Arduino Project with our new version touch sensor and make it cool!!\n\nThis little sensor can ""feel"" people and metal touch and feedback a high/low voltage level. Even isolated by some cloth and paper, it can still feel the touch. Its sensitivity decrease as isolation layer gets thicker.', 'Authoritative document text:\n**Hardware Connection**\n\nTo begin with, you need to prepare the following parts:\n\n-   Control board \\* 1\n\n-   keyestudio Sensor Shield V5\\* 1\n\n-   USB Cable\\* 1\n\n-   Capacitive touch sensor module \\* 1\n\n-   Dupont Line \\*3\n\nImage caption (use only for additional visual details):\nComponent: Capacitive touch sensor module connected to a Keyestudio Sensor Shield V4.0 mounted on a microcontroller board.\n\nPurpose: Demonstrates the experiment result where touching the capacitive sensor triggers the D2 LED on the sensor module and the D13 indicator on the V4.0 sensor shield board.\n\nTechnical details:\n- Sensor Module: Labeled ""Touch module"", ""keyestudio"", ""G"", ""U"", ""S"", and ""D2"" (LED).\n- Shield: Labeled ""keyestudio Sensor Shield V4.0"", ""GND"", ""13"", ""A0-A5"", ""IIC"", ""SPI"", ""AREF"".\n- Power: External battery pack with two red ""BRC 18650 3500mAh 3.7V Li-ion"" batteries connected via a barrel jack.\n- Connections: Three-pin header connects the sensor module (G, U, S) to the shield. Power is provided via a two-wire lead to the shield\'s screw terminal.\n\nUncertainty: Precise pin mapping of the sensor wires to the shield header pins is partially obscured by the connector housing.', 'Authoritative document text:\n**Hardware Connection**\n\nTo begin with, you need to prepare the following parts:\n\n-   Control board \\* 1\n\n-   keyestudio Sensor Shield V5\\* 1\n\n-   USB Cable\\* 1\n\n-   Capacitive touch sensor module \\* 1\n\n-   Dupont Line \\*3\n\nImage caption (use only for additional visual details):\nComponent: Keyestudio Capacitive Touch module.\nPurpose: Displays the physical layout and pinout of the capacitive touch sensor used in Project 6.\nTechnical details: \n- Board labels: ""Touch module"", ""keyestudio"".\n- Pin headers: Labeled as ""S"", ""i"", ""+"". \n- Integrated surface-mount components include capacitors, resistors, and a small IC.\nUncertainty: The exact part number of the IC is not clearly legible.', '**Think:**\n\nIf we want to connect more an LED module, light an LED when touch the sensor, and turn off LED when not touch the sensor, then how to program?', '**Experiment Result:**\n\nDone wiring and powered up, upload well the code, then touch the sensor with your finger, both D2 led on the sensor and D13 indicator on V4.0 board are on. Otherwise, those two indicators are turned off.']","Yes, the capacitive touch sensor can detect a touch even when isolated by cloth or paper, though its sensitivity decreases as the isolation layer becomes thicker.","Yes, it can detect through thin cloth or paper, although sensitivity decreases as the layer gets thicker.",1.0,0.9481096990346968,1.0,0.9999999999
Which indicators turn on when the capacitive touch sensor is touched?,"['**Experiment Result:**\n\nDone wiring and powered up, upload well the code, then touch the sensor with your finger, both D2 led on the sensor and D13 indicator on V4.0 board are on. Otherwise, those two indicators are turned off.', 'Authoritative document text:\n**Hardware Connection**\n\nTo begin with, you need to prepare the following parts:\n\n-   Control board \\* 1\n\n-   keyestudio Sensor Shield V5\\* 1\n\n-   USB Cable\\* 1\n\n-   Capacitive touch sensor module \\* 1\n\n-   Dupont Line \\*3\n\nImage caption (use only for additional visual details):\nComponent: Capacitive touch sensor module connected to a Keyestudio Sensor Shield V4.0 mounted on a microcontroller board.\n\nPurpose: Demonstrates the experiment result where touching the capacitive sensor triggers the D2 LED on the sensor module and the D13 indicator on the V4.0 sensor shield board.\n\nTechnical details:\n- Sensor Module: Labeled ""Touch module"", ""keyestudio"", ""G"", ""U"", ""S"", and ""D2"" (LED).\n- Shield: Labeled ""keyestudio Sensor Shield V4.0"", ""GND"", ""13"", ""A0-A5"", ""IIC"", ""SPI"", ""AREF"".\n- Power: External battery pack with two red ""BRC 18650 3500mAh 3.7V Li-ion"" batteries connected via a barrel jack.\n- Connections: Three-pin header connects the sensor module (G, U, S) to the shield. Power is provided via a two-wire lead to the shield\'s screw terminal.\n\nUncertainty: Precise pin mapping of the sensor wires to the shield header pins is partially obscured by the connector housing.', '**Think:**\n\nIf we want to connect more an LED module, light an LED when touch the sensor, and turn off LED when not touch the sensor, then how to program?', 'Authoritative document text:\n**Hardware Connection**\n\nTo begin with, you need to prepare the following parts:\n\n-   Control board \\* 1\n\n-   keyestudio Sensor Shield V5\\* 1\n\n-   USB Cable\\* 1\n\n-   Capacitive touch sensor module \\* 1\n\n-   Dupont Line \\*3\n\nImage caption (use only for additional visual details):\nComponent: Keyestudio Capacitive Touch module.\nPurpose: Displays the physical layout and pinout of the capacitive touch sensor used in Project 6.\nTechnical details: \n- Board labels: ""Touch module"", ""keyestudio"".\n- Pin headers: Labeled as ""S"", ""i"", ""+"". \n- Integrated surface-mount components include capacitors, resistors, and a small IC.\nUncertainty: The exact part number of the IC is not clearly legible.', '**Introduction:**\n\nAre you tired of clicking mechanic button? Well, try our capacitive touch sensor. We can find touch sensors mostly on electronic device. So upgrade your Arduino Project with our new version touch sensor and make it cool!!\n\nThis little sensor can ""feel"" people and metal touch and feedback a high/low voltage level. Even isolated by some cloth and paper, it can still feel the touch. Its sensitivity decrease as isolation layer gets thicker.']","When the capacitive touch sensor is touched, the D2 LED on the sensor and the D13 indicator on the V4.0 board turn on.",The sensor's D2 LED and the board's D13 indicator turn on.,1.0,0.8346919656529032,1.0,0.99999999995
What signal level does the crash sensor output during a collision and when there is no collision?,"['**Details:**\n\n1\\. If collision happens upfront of where collision module is installed, module outputs low level signal; no collision, outputs high level signal.\n\n2\\. Module reserves M3 mounting hole, convenient for fixation on a car.\n\n3\\. With switch indicator light, if there is collision, light is on; no collision, light is off.', 'Authoritative document text:\n**Hardware Connection**\n\nTo begin with, you need to prepare the following parts:\n\n-   Control board \\* 1\n\n-   keyestudio Sensor Shield V5\\* 1\n\n-   USB Cable\\* 1\n\n-   Crash module \\* 1\n\n-   Dupont Line \\*3\n\n**Note:** You can make a collision flasher using collision module and built-in LED on interface 13. Connect the collision sensor to Digital pin 3.\n\nWhen the crash sensor senses a collision signal, the LEDs on both Arduino board and crash sensor will light up simultaneously.\n\nImage caption (use only for additional visual details):\nComponent: Keyestudio Crash Sensor module.\n\nPurpose: Displays the physical hardware used for the ""Collision Flash"" project.\n\nTechnical details:\n- Board labels: ""Keyestudio"", ""Crash Sensor"".\n- Connector pins: S (Signal), + (VCC), - (GND).\n- Switch markings: ""1A 125V AC"", ""NC"", ""NO"", ""C"".\n- Surface-mount components: Resistor labeled ""103"", resistor labeled ""102"", and one unidentifiable LED/component.\n\nUncertainty: The specific value of the upper surface-mount component is unreadable.', 'Authoritative document text:\n**Hardware Connection**\n\nTo begin with, you need to prepare the following parts:\n\n-   Control board \\* 1\n\n-   keyestudio Sensor Shield V5\\* 1\n\n-   USB Cable\\* 1\n\n-   Crash module \\* 1\n\n-   Dupont Line \\*3\n\n**Note:** You can make a collision flasher using collision module and built-in LED on interface 13. Connect the collision sensor to Digital pin 3.\n\nWhen the crash sensor senses a collision signal, the LEDs on both Arduino board and crash sensor will light up simultaneously.\n\nImage caption (use only for additional visual details):\nComponent: Keyestudio Sensor Shield V5.2 and Crash Sensor module.\n\nPurpose: Demonstrates the wiring connection between a Keyestudio Crash Sensor and the Sensor Shield V5.2 board for a Collision Flash project.\n\nTechnical details:\n- Crash Sensor pin S (Signal) is connected to the Sensor Shield V5.2 pin 3 (Signal row).\n- Crash Sensor pin + (VCC) is connected to the Sensor Shield V5.2 pin 3 (V row).\n- Crash Sensor pin - (GND) is connected to the Sensor Shield V5.2 pin 3 (G row).\n\nUncertainty: None.', 'Authoritative document text:\n**Hardware Connection**\n\nTo begin with, you need to prepare the following parts:\n\n-   Control board \\* 1\n\n-   keyestudio Sensor Shield V5\\* 1\n\n-   USB Cable\\* 1\n\n-   Crash module \\* 1\n\n-   Dupont Line \\*3\n\n**Note:** You can make a collision flasher using collision module and built-in LED on interface 13. Connect the collision sensor to Digital pin 3.\n\nWhen the crash sensor senses a collision signal, the LEDs on both Arduino board and crash sensor will light up simultaneously.\n\nImage caption (use only for additional visual details):\nComponent: Collision switch sensor connected to a V4.0 sensor shield board.\n\nPurpose: Demonstrates the ""Collision Flash"" project setup where triggering the collision switch sensor activates LED indicators.\n\nTechnical details:\n- Sensor module: Collision switch sensor (Keyestudio branding).\n- Control board: V4.0 sensor shield.\n- Power: External battery pack with two 3.7V 18650 3500mAh Li-ion batteries connected to the board\'s DC power input.\n- Connections: Three-wire interface connects the collision sensor to the digital I/O header on the sensor shield.\n- Indicators: On-board LEDs are visible on both the collision sensor module and the V4.0 sensor shield.\n\nUncertainty: Specific pin assignment for the sensor connection is obscured by the jumper wires.', 'Authoritative document text:\n**Hardware Connection**\n\nTo begin with, you need to prepare the following parts:\n\n-   Control board \\* 1\n\n-   keyestudio Sensor Shield V5\\* 1\n\n-   USB Cable\\* 1\n\n-   Crash module \\* 1\n\n-   Dupont Line \\*3\n\n**Note:** You can make a collision flasher using collision module and built-in LED on interface 13. Connect the collision sensor to Digital pin 3.\n\nWhen the crash sensor senses a collision signal, the LEDs on both Arduino board and crash sensor will light up simultaneously.\n\nImage caption (use only for additional visual details):\nComponent: Keyestudio MEGA Sensor Shield V1.3 and Crash Sensor module.\n\nPurpose: Demonstrates the wiring connection for a Collision Flash project using a MEGA Sensor Shield.\n\nTechnical details:\n- Crash Sensor pins: \'-\' (ground), \'+\' (VCC), \'S\' (signal).\n- Crash Sensor \'-\' pin connects to Sensor Shield GND row (near digital pins 0-1).\n- Crash Sensor \'+\' pin connects to Sensor Shield VCC row (near digital pins 0-1).\n- Crash Sensor \'S\' pin connects to Sensor Shield pin 2 \'S\' row.\n- Sensor Shield features: Labeled pin headers for PWM, Digital, Analog, and Analog In.\n- Connectivity: Diagram shows a 3-wire interface between the sensor and the shield\'s digital pin group.\n\nUncertainty: The provided text refers to a ""Sensor Shield V1.0,"" but the image clearly labels the board as ""MEGA Sensor shield V1.3."" The wiring for the signal pin appears to land on the row associated with digital pin 2, but the visual overlap with pin 1 is dense.']","During a collision, the crash sensor outputs a low-level signal; when there is no collision, it outputs a high-level signal.",It outputs LOW during a collision and HIGH when there is no collision.,1.0,0.9196125851349439,1.0,0.9999999999
How is the crash sensor used in the example collision flasher?,"['Authoritative document text:\n**Hardware Connection**\n\nTo begin with, you need to prepare the following parts:\n\n-   Control board \\* 1\n\n-   keyestudio Sensor Shield V5\\* 1\n\n-   USB Cable\\* 1\n\n-   Crash module \\* 1\n\n-   Dupont Line \\*3\n\n**Note:** You can make a collision flasher using collision module and built-in LED on interface 13. Connect the collision sensor to Digital pin 3.\n\nWhen the crash sensor senses a collision signal, the LEDs on both Arduino board and crash sensor will light up simultaneously.\n\nImage caption (use only for additional visual details):\nComponent: Collision switch sensor connected to a V4.0 sensor shield board.\n\nPurpose: Demonstrates the ""Collision Flash"" project setup where triggering the collision switch sensor activates LED indicators.\n\nTechnical details:\n- Sensor module: Collision switch sensor (Keyestudio branding).\n- Control board: V4.0 sensor shield.\n- Power: External battery pack with two 3.7V 18650 3500mAh Li-ion batteries connected to the board\'s DC power input.\n- Connections: Three-wire interface connects the collision sensor to the digital I/O header on the sensor shield.\n- Indicators: On-board LEDs are visible on both the collision sensor module and the V4.0 sensor shield.\n\nUncertainty: Specific pin assignment for the sensor connection is obscured by the jumper wires.', '**Example Result:**\n\nUpload the code to the board.\n\nWhen an object crashes the switch of sensor, both the led on the sensor and led 13 on the V4.0 board are turned on.', 'Authoritative document text:\n**Hardware Connection**\n\nTo begin with, you need to prepare the following parts:\n\n-   Control board \\* 1\n\n-   keyestudio Sensor Shield V5\\* 1\n\n-   USB Cable\\* 1\n\n-   Crash module \\* 1\n\n-   Dupont Line \\*3\n\n**Note:** You can make a collision flasher using collision module and built-in LED on interface 13. Connect the collision sensor to Digital pin 3.\n\nWhen the crash sensor senses a collision signal, the LEDs on both Arduino board and crash sensor will light up simultaneously.\n\nImage caption (use only for additional visual details):\nComponent: Keyestudio Crash Sensor module.\n\nPurpose: Displays the physical hardware used for the ""Collision Flash"" project.\n\nTechnical details:\n- Board labels: ""Keyestudio"", ""Crash Sensor"".\n- Connector pins: S (Signal), + (VCC), - (GND).\n- Switch markings: ""1A 125V AC"", ""NC"", ""NO"", ""C"".\n- Surface-mount components: Resistor labeled ""103"", resistor labeled ""102"", and one unidentifiable LED/component.\n\nUncertainty: The specific value of the upper surface-mount component is unreadable.', '**Hardware Connection**\n\nTo begin with, you need to prepare the following parts:\n\n-   Control board \\* 1\n\n-   keyestudio Sensor Shield V5\\* 1\n\n-   USB Cable\\* 1\n\n-   Crash module \\* 1\n\n-   Dupont Line \\*3\n\n**Note:** You can make a collision flasher using collision module and built-in LED on interface 13. Connect the collision sensor to Digital pin 3.\n\nWhen the crash sensor senses a collision signal, the LEDs on both Arduino board and crash sensor will light up simultaneously.', 'Authoritative document text:\n**Hardware Connection**\n\nTo begin with, you need to prepare the following parts:\n\n-   Control board \\* 1\n\n-   keyestudio Sensor Shield V5\\* 1\n\n-   USB Cable\\* 1\n\n-   Crash module \\* 1\n\n-   Dupont Line \\*3\n\n**Note:** You can make a collision flasher using collision module and built-in LED on interface 13. Connect the collision sensor to Digital pin 3.\n\nWhen the crash sensor senses a collision signal, the LEDs on both Arduino board and crash sensor will light up simultaneously.\n\nImage caption (use only for additional visual details):\nComponent: Keyestudio MEGA Sensor Shield V1.3 and Crash Sensor module.\n\nPurpose: Demonstrates the wiring connection for a Collision Flash project using a MEGA Sensor Shield.\n\nTechnical details:\n- Crash Sensor pins: \'-\' (ground), \'+\' (VCC), \'S\' (signal).\n- Crash Sensor \'-\' pin connects to Sensor Shield GND row (near digital pins 0-1).\n- Crash Sensor \'+\' pin connects to Sensor Shield VCC row (near digital pins 0-1).\n- Crash Sensor \'S\' pin connects to Sensor Shield pin 2 \'S\' row.\n- Sensor Shield features: Labeled pin headers for PWM, Digital, Analog, and Analog In.\n- Connectivity: Diagram shows a 3-wire interface between the sensor and the shield\'s digital pin group.\n\nUncertainty: The provided text refers to a ""Sensor Shield V1.0,"" but the image clearly labels the board as ""MEGA Sensor shield V1.3."" The wiring for the signal pin appears to land on the row associated with digital pin 2, but the visual overlap with pin 1 is dense.']","In the collision flasher project, the crash sensor is used to detect a collision signal. When the sensor senses this signal, the LEDs on both the Arduino board and the crash sensor light up simultaneously.","Connect its signal to D3. On collision, both the sensor LED and the Arduino LED 13 light up.",1.0,0.9100940882032303,1.0,0.8041666666465626
"What kind of signal does the knock sensor produce, and what is its working voltage?","['**Introduction:**\n\nThis is a knock sensor module. When you knock it, it can send a momentary signal. We can combine it with Arduino to make some interesting experiment, e.g. electronic drum.\n\nNote: the working voltage of this module is 5V.', '**Example Result:**\n\nUpload the code to the board.\n\nWhen the sensor detects a knock signal, both the led on the sensor and led 13 on the V4.0 board are turned on.', 'Authoritative document text:\n**Hardware Connection**\n\nTo begin with, you need to prepare the following parts:\n\n-   Control board \\* 1\n\n-   keyestudio Sensor Shield V5\\* 1\n\n-   USB Cable\\* 1\n\n-   Knock sensor module \\* 1\n\n-   Dupont Line \\*3\n\nConnect the S pin to digital 3, negative pin to GND port, positive pin to 5V port.\n\nImage caption (use only for additional visual details):\nComponent: Keyestudio MEGA Sensor Shield V1.3 and a knock sensor module.\nPurpose: Demonstrates the wiring connection between a knock sensor and the digital I/O pins of the sensor shield.\nTechnical details: The knock sensor pins labeled \'S\', \'+\', and \'-\' are connected to the sensor shield as follows:\n- Sensor \'S\' (Signal) connects to digital pin 2 (Signal row).\n- Sensor \'+\' (Voltage) connects to digital pin 2 (Voltage row).\n- Sensor \'-\' (Ground) connects to digital pin 2 (Ground row).\n*Note: While the text refers to a ""Sensor Shield V1.0"", the image explicitly labels the board as ""MEGA Sensor shield V1.3"".*\nUncertainty: None.', ""Authoritative document text:\n**Hardware Connection**\n\nTo begin with, you need to prepare the following parts:\n\n-   Control board \\* 1\n\n-   keyestudio Sensor Shield V5\\* 1\n\n-   USB Cable\\* 1\n\n-   Knock sensor module \\* 1\n\n-   Dupont Line \\*3\n\nConnect the S pin to digital 3, negative pin to GND port, positive pin to 5V port.\n\nImage caption (use only for additional visual details):\nComponent: Keyestudio Knock Sensor module connected to a Keyestudio Sensor Shield V4.0 mounted on a microcontroller board.\n\nPurpose: Demonstrates the physical setup for a knock sensor project where detection triggers an LED indicator.\n\nTechnical details:\n- Knock sensor connects to the shield's 3-pin headers labeled S, +, -.\n- Shield includes labels for: AREF, GND, 13, 12, 11, 10, 9, 8, 7, 6, 5, 4, A0-A5, IIC, SPI, POWER (5V, GND, VIN), and URF.\n- Power is supplied by a 2-cell 18650 3.7V Li-ion battery holder connected via a barrel jack.\n- Status LEDs are visible on the sensor module and the shield (labeled 'L' near pin 13).\n\nUncertainty: Precise pin mapping for the knock sensor connection on the shield is partially obscured by wiring. Exact model of the underlying microcontroller board is not fully visible."", '**Think:**\n\nIf not easy to see the test result, you can connect an external LED module. Light an LED when knock the sensor, then how to program? Think about it.']","The knock sensor module produces a momentary signal when knocked, and its working voltage is 5V.",It sends a momentary signal when knocked and operates at 5 V.,1.0,0.8801232066939392,1.0,0.8333333332916666
"How should the knock sensor be wired, and what indicates a detected knock?","[""Authoritative document text:\n**Hardware Connection**\n\nTo begin with, you need to prepare the following parts:\n\n-   Control board \\* 1\n\n-   keyestudio Sensor Shield V5\\* 1\n\n-   USB Cable\\* 1\n\n-   Knock sensor module \\* 1\n\n-   Dupont Line \\*3\n\nConnect the S pin to digital 3, negative pin to GND port, positive pin to 5V port.\n\nImage caption (use only for additional visual details):\nComponent: Keyestudio Knock Sensor module connected to a Keyestudio Sensor Shield V4.0 mounted on a microcontroller board.\n\nPurpose: Demonstrates the physical setup for a knock sensor project where detection triggers an LED indicator.\n\nTechnical details:\n- Knock sensor connects to the shield's 3-pin headers labeled S, +, -.\n- Shield includes labels for: AREF, GND, 13, 12, 11, 10, 9, 8, 7, 6, 5, 4, A0-A5, IIC, SPI, POWER (5V, GND, VIN), and URF.\n- Power is supplied by a 2-cell 18650 3.7V Li-ion battery holder connected via a barrel jack.\n- Status LEDs are visible on the sensor module and the shield (labeled 'L' near pin 13).\n\nUncertainty: Precise pin mapping for the knock sensor connection on the shield is partially obscured by wiring. Exact model of the underlying microcontroller board is not fully visible."", '**Example Result:**\n\nUpload the code to the board.\n\nWhen the sensor detects a knock signal, both the led on the sensor and led 13 on the V4.0 board are turned on.', 'Authoritative document text:\n**Hardware Connection**\n\nTo begin with, you need to prepare the following parts:\n\n-   Control board \\* 1\n\n-   keyestudio Sensor Shield V5\\* 1\n\n-   USB Cable\\* 1\n\n-   Knock sensor module \\* 1\n\n-   Dupont Line \\*3\n\nConnect the S pin to digital 3, negative pin to GND port, positive pin to 5V port.\n\nImage caption (use only for additional visual details):\nComponent: Keyestudio MEGA Sensor Shield V1.3 and a knock sensor module.\nPurpose: Demonstrates the wiring connection between a knock sensor and the digital I/O pins of the sensor shield.\nTechnical details: The knock sensor pins labeled \'S\', \'+\', and \'-\' are connected to the sensor shield as follows:\n- Sensor \'S\' (Signal) connects to digital pin 2 (Signal row).\n- Sensor \'+\' (Voltage) connects to digital pin 2 (Voltage row).\n- Sensor \'-\' (Ground) connects to digital pin 2 (Ground row).\n*Note: While the text refers to a ""Sensor Shield V1.0"", the image explicitly labels the board as ""MEGA Sensor shield V1.3"".*\nUncertainty: None.', '**Introduction:**\n\nThis is a knock sensor module. When you knock it, it can send a momentary signal. We can combine it with Arduino to make some interesting experiment, e.g. electronic drum.\n\nNote: the working voltage of this module is 5V.', 'Authoritative document text:\n**Hardware Connection**\n\nTo begin with, you need to prepare the following parts:\n\n-   Control board \\* 1\n\n-   keyestudio Sensor Shield V5\\* 1\n\n-   USB Cable\\* 1\n\n-   Knock sensor module \\* 1\n\n-   Dupont Line \\*3\n\nConnect the S pin to digital 3, negative pin to GND port, positive pin to 5V port.\n\nImage caption (use only for additional visual details):\nComponent: Keyestudio Knock Sensor module.\nPurpose: Displays the physical layout and pinout of the knock sensor module used in Project 8.\nTechnical details: The board features three pins labeled S, +, and -. Components visible on the board include a spring-based sensor, two resistors labeled R1 and R2, and one LED labeled LED1.\nUncertainty: None.']","To wire the knock sensor, connect the S pin to digital 3, the negative (-) pin to the GND port, and the positive (+) pin to the 5V port. When a knock signal is detected, the LED on the sensor and LED 13 on the board are turned on.","Wire S to D3, − to GND, and + to 5 V. A detected knock turns on both the module LED and board LED 13.",0.8,0.8977537356512629,1.0,0.9999999999
How does the photo interrupter detect an object?,"['**Introduction:**\n\nUpright part of this sensor is an infrared emitter and on the other side, it’s a shielded infrared detector. By emitting a beam of infrared light from one end to other end, the sensor can detect an object when it passes through the beam.\n\nIt is used for many applications including optical limit switches, pellet dispensing, general object detection, etc.', '**Example Result:**\n\nUpload the code to the board. When an object passes through the groove joint of photo interrupter module, the signal is interrupted, led will flash.', 'Authoritative document text:\n**Hardware Connection**\n\nTo begin with, you need to prepare the following parts:\n\n-   Control board \\* 1\n\n-   keyestudio Sensor Shield V5\\* 1\n\n-   USB Cable\\* 1\n\n-   Photo Interrupter module \\* 1\n\n-   Dupont Line \\*3\n\nConnect the S pin to digital 3, negative pin to GND port, positive pin to 5V port.\n\nImage caption (use only for additional visual details):\nComponent: Keyestudio Sensor Shield v5.2, photo interrupter module, and dual 18650 battery holder.\n\nPurpose: Demonstrates the wiring setup for a photo interrupter project where an object passing through the sensor groove triggers an LED signal.\n\nTechnical details:\n- Power: Dual 18650 battery holder connected via DC barrel jack to the sensor shield.\n- Interconnections: The photo interrupter module is connected to the sensor shield using three wires (likely Ground, VCC, and Signal) plugged into the header pins. \n- The Keyestudio Sensor Shield v5.2 features labeled ports including AREF, GND, 13, 12, 11, 10, 9, 8, A0-A5, SPI, IIC, and analog input pins. \n- The photo interrupter module is labeled ""Keyestudio"" and ""Photo_Switch"".\n\nUncertainty: Precise pin mapping of the sensor connections to the shield headers cannot be visually confirmed due to wire overlap and angle.', 'Authoritative document text:\n**Hardware Connection**\n\nTo begin with, you need to prepare the following parts:\n\n-   Control board \\* 1\n\n-   keyestudio Sensor Shield V5\\* 1\n\n-   USB Cable\\* 1\n\n-   Photo Interrupter module \\* 1\n\n-   Dupont Line \\*3\n\nConnect the S pin to digital 3, negative pin to GND port, positive pin to 5V port.\n\nImage caption (use only for additional visual details):\nComponent: Photo Interrupter module (labeled ""IR_Switch"").\n\nPurpose: Demonstrates the physical hardware layout of a standard Grove-compatible photo interrupter module.\n\nTechnical details:\n- Board markings: ""IR_Switch"", ""LED1"", ""R2"", ""R3"", and partial text ""estudio"".\n- Connector: Three-pin male header with silkscreen labels ""S"", ""+"", and ""-"".\n- Features: Black plastic U-shaped optical interrupter housing.\n\nUncertainty: Full manufacturer name is partially obscured (""estudio"").', '**Hardware Connection**\n\nTo begin with, you need to prepare the following parts:\n\n-   Control board \\* 1\n\n-   keyestudio Sensor Shield V5\\* 1\n\n-   USB Cable\\* 1\n\n-   Photo Interrupter module \\* 1\n\n-   Dupont Line \\*3\n\nConnect the S pin to digital 3, negative pin to GND port, positive pin to 5V port.']","The photo interrupter detects an object by emitting a beam of infrared light from an emitter to a shielded detector on the opposite side. When an object passes through this beam (within the groove joint), the light is interrupted, triggering a signal.",It detects an object when the object breaks the infrared beam between the emitter and detector.,1.0,0.9825759165883244,1.0,0.99999999995
"Using the wiring diagram, how should the photo interrupter be connected to the board?","[""Authoritative document text:\n**Hardware Connection**\n\nTo begin with, you need to prepare the following parts:\n\n-   Control board \\* 1\n\n-   keyestudio Sensor Shield V5\\* 1\n\n-   USB Cable\\* 1\n\n-   Photo Interrupter module \\* 1\n\n-   Dupont Line \\*3\n\nConnect the S pin to digital 3, negative pin to GND port, positive pin to 5V port.\n\nImage caption (use only for additional visual details):\nComponent: Keyestudio Sensor Shield V5.2 and IR Switch module.\n\nPurpose: Demonstrates the wiring connection between an IR Switch module and the Sensor Shield V5.2 for a photo interrupter project.\n\nTechnical details:\n- IR Switch module pins: S (Signal), + (VCC), - (GND).\n- Sensor Shield V5.2 connections:\n    - IR Switch 'S' pin connected to digital pin 3.\n    - IR Switch '+' pin connected to 5V pin.\n    - IR Switch '-' pin connected to GND pin.\n- Board components labeled: RESET, keyestudio, C2, COM, APC220, IIC, SEL, PWR, SPI, URF, ANALOG IN, POWER.\n- Resistors on IR switch: R1 (181), R3 (222), R2 (102). \n\nUncertainty: Wire connections are shown in a schematic style; specific wire colors (grey, red, purple) are used for routing but should be verified against physical hardware."", 'Authoritative document text:\n**Hardware Connection**\n\nTo begin with, you need to prepare the following parts:\n\n-   Control board \\* 1\n\n-   keyestudio Sensor Shield V5\\* 1\n\n-   USB Cable\\* 1\n\n-   Photo Interrupter module \\* 1\n\n-   Dupont Line \\*3\n\nConnect the S pin to digital 3, negative pin to GND port, positive pin to 5V port.\n\nImage caption (use only for additional visual details):\nComponent: Keyestudio Sensor Shield v5.2, photo interrupter module, and dual 18650 battery holder.\n\nPurpose: Demonstrates the wiring setup for a photo interrupter project where an object passing through the sensor groove triggers an LED signal.\n\nTechnical details:\n- Power: Dual 18650 battery holder connected via DC barrel jack to the sensor shield.\n- Interconnections: The photo interrupter module is connected to the sensor shield using three wires (likely Ground, VCC, and Signal) plugged into the header pins. \n- The Keyestudio Sensor Shield v5.2 features labeled ports including AREF, GND, 13, 12, 11, 10, 9, 8, A0-A5, SPI, IIC, and analog input pins. \n- The photo interrupter module is labeled ""Keyestudio"" and ""Photo_Switch"".\n\nUncertainty: Precise pin mapping of the sensor connections to the shield headers cannot be visually confirmed due to wire overlap and angle.', ""Authoritative document text:\n**Hardware Connection**\n\nTo begin with, you need to prepare the following parts:\n\n-   Control board \\* 1\n\n-   keyestudio Sensor Shield V5\\* 1\n\n-   USB Cable\\* 1\n\n-   Photo Interrupter module \\* 1\n\n-   Dupont Line \\*3\n\nConnect the S pin to digital 3, negative pin to GND port, positive pin to 5V port.\n\nImage caption (use only for additional visual details):\nComponent: Keyestudio MEGA Sensor Shield V1.3 and Photo Interrupter module.\n\nPurpose: Demonstrates the wiring connection for a photo interrupter module to a Keyestudio MEGA Sensor Shield.\n\nTechnical details:\n- Photo Interrupter pins connected to Sensor Shield:\n  - '-' (Ground) pin to the 'G' (Ground) column of Digital Pin 2.\n  - '+' (VCC) pin to the 'V' (Voltage) column of Digital Pin 2.\n  - 'S' (Signal) pin to the 'S' (Signal) column of Digital Pin 2.\n- The shield labels include various headers for Digital pins (0–53), Analog pins (A0–A15), PWM, SPI, ICSP, and power pins (GND, 3V3, 5V, VIN).\n\nUncertainty: None."", '**Hardware Connection**\n\nTo begin with, you need to prepare the following parts:\n\n-   Control board \\* 1\n\n-   keyestudio Sensor Shield V5\\* 1\n\n-   USB Cable\\* 1\n\n-   Photo Interrupter module \\* 1\n\n-   Dupont Line \\*3\n\nConnect the S pin to digital 3, negative pin to GND port, positive pin to 5V port.', 'Authoritative document text:\n**Hardware Connection**\n\nTo begin with, you need to prepare the following parts:\n\n-   Control board \\* 1\n\n-   keyestudio Sensor Shield V5\\* 1\n\n-   USB Cable\\* 1\n\n-   Photo Interrupter module \\* 1\n\n-   Dupont Line \\*3\n\nConnect the S pin to digital 3, negative pin to GND port, positive pin to 5V port.\n\nImage caption (use only for additional visual details):\nComponent: Photo Interrupter module (labeled ""IR_Switch"").\n\nPurpose: Demonstrates the physical hardware layout of a standard Grove-compatible photo interrupter module.\n\nTechnical details:\n- Board markings: ""IR_Switch"", ""LED1"", ""R2"", ""R3"", and partial text ""estudio"".\n- Connector: Three-pin male header with silkscreen labels ""S"", ""+"", and ""-"".\n- Features: Black plastic U-shaped optical interrupter housing.\n\nUncertainty: Full manufacturer name is partially obscured (""estudio"").']","According to the authoritative document text, you should connect the S pin to digital 3, the negative pin to the GND port, and the positive pin to the 5V port.","Connect S to D3, − to GND, and + to 5 V.",1.0,0.6566630196937195,1.0,0.99999999998
What does the digital tilt sensor detect?,"['**Introduction:**\n\nTilt Sensor is a simple digital tilt switch.\n\nSimply plug it to our IO/Sensor shield or Arduino board, you can make interesting and interactive projects.\n\nTilt sensors (tilt ball switch) allow you to detect orientation or inclination. They are small, inexpensive, low-power and easy-to-use.\n\nIf used properly, they will not wear out. Their simplicity makes them popular for toys, gadgets and appliances.\n\n\n\nSometimes, they are referred to as ""mercury switches"", ""tilt switches"" or ""rolling ball sensors"" for obvious reasons.\n\nThey are usually made up of a cavity of some sort (cylindrical is popular, although not always) with a conductive free mass inside, such as a blob of mercury or rolling ball.\n\nOne end of the cavity has two conductive elements (poles).\n\nWhen the sensor is oriented so that that end is downwards, the mass rolls onto the poles and shorts them, acting as a switch throw.\n\nWhile not as precise or flexible as a full accelerometer, tilt switches can detect motion or orientation. Another benefit is that the big ones can switch power on their own. Accelerometer, on the other hand, output digital or analog voltage that must then be analyzed using extra circuitry.', 'Authoritative document text:\n**Hardware Connection**\n\nTo begin with, you need to prepare the following parts:\n\n-   Control board \\* 1\n\n-   keyestudio Sensor Shield V5\\* 1\n\n-   USB Cable\\* 1\n\n-   Tilt ball switch module \\* 1\n\n-   Dupont Line \\*3\n\nConnect the S pin to digital 3, negative pin to GND port, positive pin to 5V port.\n\nImage caption (use only for additional visual details):\nComponent: Digital tilt sensor (tilt ball switch).\nPurpose: Demonstrates the physical appearance of a cylindrical tilt sensor.\nTechnical details: The cylindrical housing is marked with the label ""HDX HDX"" in white text. It features two metallic pins for connection to an IO/Sensor shield or Arduino board.\nUncertainty: None.', 'Authoritative document text:\n**Hardware Connection**\n\nTo begin with, you need to prepare the following parts:\n\n-   Control board \\* 1\n\n-   keyestudio Sensor Shield V5\\* 1\n\n-   USB Cable\\* 1\n\n-   Tilt ball switch module \\* 1\n\n-   Dupont Line \\*3\n\nConnect the S pin to digital 3, negative pin to GND port, positive pin to 5V port.\n\nImage caption (use only for additional visual details):\nComponent: Digital tilt sensor module, Keyestudio Sensor Shield V5.2, and 18650 battery holder.\n\nPurpose: Demonstrates the functional test of a digital tilt sensor where tilting the sensor illuminates the onboard LED (R1/LED1).\n\nTechnical details:\n- Sensor module: Contains pins labeled ""S"", ""U"", ""G"".\n- Sensor Shield V5.2: Interfaces include analog pins A0-A5, digital pins 0-13, and IIC headers.\n- Connections: The tilt sensor is connected via a 3-pin cable to the shield\'s header pins. Power is supplied by a 3.7V 18650 battery pack connected via a DC barrel jack. \n- Indicators: ""PWR"" LED on the shield and ""R1 LED1"" on the sensor module are illuminated.\n\nUncertainty: The specific pin header on the Sensor Shield used for the sensor connection is obscured by the wiring.', '**Think:**\n\nOr you can connect more an external LED module, then how to program? Think about it. The LED will turn on when tilt the sensor, and the LED will turn off when the sensor is not tilted.', 'Authoritative document text:\n**Hardware Connection**\n\nTo begin with, you need to prepare the following parts:\n\n-   Control board \\* 1\n\n-   keyestudio Sensor Shield V5\\* 1\n\n-   USB Cable\\* 1\n\n-   Tilt ball switch module \\* 1\n\n-   Dupont Line \\*3\n\nConnect the S pin to digital 3, negative pin to GND port, positive pin to 5V port.\n\nImage caption (use only for additional visual details):\nComponent: Keyestudio Digital Tilt Sensor module.\n\nPurpose: Demonstrates the physical components and pinout of the digital tilt sensor board.\n\nTechnical details: \n- Pin labels: S (Signal), + (VCC), - (GND).\n- Surface-mounted components include resistors labeled R1, R2, and an LED labeled LED1.\n- Features a cylindrical tilt switch component.\n- Branding: ""Keyestudio"" printed on the PCB.\n\nUncertainty: Specific resistor values for R1 and R2 are not visible or readable.']","The digital tilt sensor detects orientation, inclination, or motion.",It detects a change in orientation or inclination and reports it as a digital switch state.,0.3333333333333333,0.9706148236906099,1.0,0.99999999998
How is the tilt sensor wired and what happens when it is tilted?,"['**Think:**\n\nOr you can connect more an external LED module, then how to program? Think about it. The LED will turn on when tilt the sensor, and the LED will turn off when the sensor is not tilted.', '**Introduction:**\n\nTilt Sensor is a simple digital tilt switch.\n\nSimply plug it to our IO/Sensor shield or Arduino board, you can make interesting and interactive projects.\n\nTilt sensors (tilt ball switch) allow you to detect orientation or inclination. They are small, inexpensive, low-power and easy-to-use.\n\nIf used properly, they will not wear out. Their simplicity makes them popular for toys, gadgets and appliances.\n\n\n\nSometimes, they are referred to as ""mercury switches"", ""tilt switches"" or ""rolling ball sensors"" for obvious reasons.\n\nThey are usually made up of a cavity of some sort (cylindrical is popular, although not always) with a conductive free mass inside, such as a blob of mercury or rolling ball.\n\nOne end of the cavity has two conductive elements (poles).\n\nWhen the sensor is oriented so that that end is downwards, the mass rolls onto the poles and shorts them, acting as a switch throw.\n\nWhile not as precise or flexible as a full accelerometer, tilt switches can detect motion or orientation. Another benefit is that the big ones can switch power on their own. Accelerometer, on the other hand, output digital or analog voltage that must then be analyzed using extra circuitry.', 'Authoritative document text:\n**Hardware Connection**\n\nTo begin with, you need to prepare the following parts:\n\n-   Control board \\* 1\n\n-   keyestudio Sensor Shield V5\\* 1\n\n-   USB Cable\\* 1\n\n-   Tilt ball switch module \\* 1\n\n-   Dupont Line \\*3\n\nConnect the S pin to digital 3, negative pin to GND port, positive pin to 5V port.\n\nImage caption (use only for additional visual details):\nComponent: Digital tilt sensor module, Keyestudio Sensor Shield V5.2, and 18650 battery holder.\n\nPurpose: Demonstrates the functional test of a digital tilt sensor where tilting the sensor illuminates the onboard LED (R1/LED1).\n\nTechnical details:\n- Sensor module: Contains pins labeled ""S"", ""U"", ""G"".\n- Sensor Shield V5.2: Interfaces include analog pins A0-A5, digital pins 0-13, and IIC headers.\n- Connections: The tilt sensor is connected via a 3-pin cable to the shield\'s header pins. Power is supplied by a 3.7V 18650 battery pack connected via a DC barrel jack. \n- Indicators: ""PWR"" LED on the shield and ""R1 LED1"" on the sensor module are illuminated.\n\nUncertainty: The specific pin header on the Sensor Shield used for the sensor connection is obscured by the wiring.', '**Example Result:**\n\nUpload the code to the board. Then tilt the sensor, you will see the led on the sensor is turned on. Shown as below.', 'Authoritative document text:\n**Hardware Connection**\n\nTo begin with, you need to prepare the following parts:\n\n-   Control board \\* 1\n\n-   keyestudio Sensor Shield V5\\* 1\n\n-   USB Cable\\* 1\n\n-   Tilt ball switch module \\* 1\n\n-   Dupont Line \\*3\n\nConnect the S pin to digital 3, negative pin to GND port, positive pin to 5V port.\n\nImage caption (use only for additional visual details):\nComponent: Keyestudio Sensor Shield V1.3 mounted on a 2560 R3 board and a Keyestudio tilt sensor module.\n\nPurpose: Demonstrates the wiring connections between the digital tilt sensor and the sensor shield.\n\nTechnical details:\n- Sensor Shield pins: S (Signal), V (Voltage), G (Ground).\n- Tilt sensor module pins: S (Signal), +, -.\n- Connections: \n    - Sensor signal pin (S) to shield pin 2 (Signal).\n    - Sensor positive pin (+) to shield pin 2 (Voltage).\n    - Sensor negative pin (-) to shield pin 2 (Ground).\n- Shield includes blocks labeled ""DIGITAL"", ""ANALOG"", and ""PWM"" with I/O headers ranging from 0-53 and A0-A15.\n\nUncertainty: None.']","To wire the tilt sensor, connect the S pin to digital 3, the negative pin to the GND port, and the positive pin to the 5V port on the sensor shield. When the sensor is tilted, the LED on the module turns on.","Connect S to D3, − to GND, and + to 5 V. Tilting it should turn on the sensor LED.",1.0,0.8841417541106885,1.0,0.3333333333
"What are the PIR sensor's detection distance, detection angle, and high-level output delay?","['**Specification:**\n\n-   Input Voltage: 3.3 \\~ 5V, 6V Maximum\n\n-   Working Current: 15uA\n\n-   Working Temperature: -20 \\~ 85 ℃\n\n-   Output Voltage: High 3V, low 0V\n\n-   Output Delay Time (High Level): About 2.3 to 3 Seconds\n\n-   Detection angle: 100 °\n\n-   Detection distance: 7 meters\n\n-   Output Indicator LED (When output HIGH, it will be ON)\n\n-   Pin limit current: 100mA', '**Introduction:**\n\nPyroelectric infrared motion sensor can detect infrared signals from a moving person or moving animal, and output switching signals.\n\nIt can be applied to a variety of occasions to detect the movement of human body.\n\nConventional pyroelectric infrared sensors require body pyroelectric infrared detector, professional chip, complex peripheral circuit, so the size is bigger, with complex circuit, and lower reliability.\n\n\n\nNow we launch this new pyroelectric infrared motion sensor, specially designed for Arduino.\n\nIt uses an integrated digital body pyroelectric infrared sensor, has smaller size, higher reliability, lower power consumption and simple peripheral circuit.', '**Working Schematics**\n\nPlease refer to the working [sequence](D:/Dict/7.3.0.0807/resultui/dict/javascript:;) as below：\n\n\n\n1\\. First pull down the TRIG, and then trigger it with at least 10us high level signal;\n\n2\\. After triggering, the module will automatically transmit eight 40KHZ square waves, and automatically detect whether there is a signal to return.\n\n3\\. If there is a signal returned back, through the ECHO to output a high level, the duration time of high level is actually the time from emission to reception of ultrasonic.\n\nTest distance = high level duration \\* 340m/s \\* 0.5.', '**Parameters**\n\n-   Working voltage：0.5V(DC)\n\n-   Working current：15mA\n\n-   Detecting range：2-450cm\n\n-   Detecting angle：15 degrees\n\n-   Input trigger pulse：10us TTL Level\n\n-   Output echo signal： output TTL level signal(HIGH)，proportional to range.', '**Introduction:**\n\nInfrared obstacle avoidance sensor is equipped with distance adjustment function and is especially designed for wheeled robots.\n\nThis sensor has strong adaptability to ambient light and is of high precision. It has a pair of infrared transmitting and receiving tube.\n\nWhen infrared ray launched by the transmitting tube encounters an obstacle (its reflector), the infrared ray is reflected to the receiving tube, and the indicator will light up; the signal output interface outputs digital signal.\n\nWe can adjust the detection distance through the potentiometer knob (effective distance: 2～40cm, working Voltage: 3.3V-5V ).\n\nThanks to a wide voltage range, this sensor can work steadily even under fluctuating power supply voltage and is suitable for the use of various micro-controllers, Arduino controllers and BS2 controllers.\n\nA robot mounted with the sensor can sense changes in the environment.']","The PIR sensor's specifications are:
*   **Detection distance:** 7 meters
*   **Detection angle:** 100°
*   **High-level output delay:** About 2.3 to 3 seconds","It detects up to 7 m over about 100°, with a HIGH output lasting roughly 2.3–3 seconds.",0.0,0.9838862693401419,1.0,0.9999999999
"Using the wiring diagram, how is the PIR motion sensor connected, and what messages appear when motion is or is not detected?","['**Example Result:**\n\nDone wiring and powered up, upload well the code, if the sensor detects someone moving nearby, D13 indicator on V4.0 board will light up, and ""Somebody is in this area!"" is displayed on the serial monitor.\n\nIf no detecting the movement, D13 indicator will turn off, and ""No one!"" is displayed on the serial monitor.', 'Authoritative document text:\n**Hardware Connection**\n\nTo begin with, you need to prepare the following parts:\n\n-   Control board \\* 1\n\n-   keyestudio Sensor Shield V5\\* 1\n\n-   USB Cable\\* 1\n\n-   PIR motion sensor\\* 1\n\n-   Dupont Line \\*3\n\nConnect the S pin to digital 3, negative pin to GND port, positive pin to 5V port.\n\nImage caption (use only for additional visual details):\nComponent: Arduino Serial Monitor.\n\nPurpose: Demonstrates output from a PIR motion sensing project.\n\nTechnical details: The monitor displays ""Somebody is in this area!"" when motion is detected and ""No one!"" when motion is not detected. The connection is set to ""9600 baud"" with ""No line ending"" and ""Autoscroll"" enabled.\n\nUncertainty: None.', 'Authoritative document text:\n**Hardware Connection**\n\nTo begin with, you need to prepare the following parts:\n\n-   Control board \\* 1\n\n-   keyestudio Sensor Shield V5\\* 1\n\n-   USB Cable\\* 1\n\n-   PIR motion sensor\\* 1\n\n-   Dupont Line \\*3\n\nConnect the S pin to digital 3, negative pin to GND port, positive pin to 5V port.\n\nImage caption (use only for additional visual details):\nComponent: Keyestudio MEGA Sensor Shield V1.3 and a PIR motion sensor module.\n\nPurpose: Demonstrates the wiring connection for a PIR motion sensor to a MEGA Sensor Shield.\n\nTechnical details:\n- PIR sensor pins labeled: -, +, S.\n- PIR ""-"" (grey wire) connects to the Sensor Shield GND pin in the 38-41 block.\n- PIR ""+"" (red wire) connects to the Sensor Shield V pin in the 38-41 block.\n- PIR ""S"" (purple wire) connects to the Sensor Shield signal pin 38.\n- The Sensor Shield is labeled ""keyestudio"" and ""MEGA Sensor shield V1.3"".\n\nUncertainty: None.', 'Authoritative document text:\n**Hardware Connection**\n\nTo begin with, you need to prepare the following parts:\n\n-   Control board \\* 1\n\n-   keyestudio Sensor Shield V5\\* 1\n\n-   USB Cable\\* 1\n\n-   PIR motion sensor\\* 1\n\n-   Dupont Line \\*3\n\nConnect the S pin to digital 3, negative pin to GND port, positive pin to 5V port.\n\nImage caption (use only for additional visual details):\nComponent: Keyestudio Sensor Shield V5.2 and PIR motion sensor module.\n\nPurpose: Demonstrates the physical setup for Project 11: PIR Motion Sensing, showing the connections between a PIR sensor, a Sensor Shield V5.2, and a dual 18650 battery holder power source.\n\nTechnical details:\n- Sensor Shield labels include: AREF, GND, RESET, A0-A5, IIC, ANALOG IN 0-5, PWR, SPI, URF, COM, APC220.\n- PIR sensor module is labeled: PYE_ID, Keyestudio.\n- Power source: Dual 18650 3.7V Li-ion battery holder connected to the shield’s power input via a DC barrel jack.\n- Status indicators: A red LED is illuminated on the shield near the ""PWR"" label and another is active near the digital pin area.\n- Wiring: Three-wire connection (black, yellow, red) between the PIR sensor header and the sensor shield header.\n\nUncertainty: Precise pin mapping for the three-wire sensor-to-shield connection cannot be definitively read due to cable orientation.', 'Authoritative document text:\n**Hardware Connection**\n\nTo begin with, you need to prepare the following parts:\n\n-   Control board \\* 1\n\n-   keyestudio Sensor Shield V5\\* 1\n\n-   USB Cable\\* 1\n\n-   PIR motion sensor\\* 1\n\n-   Dupont Line \\*3\n\nConnect the S pin to digital 3, negative pin to GND port, positive pin to 5V port.\n\nImage caption (use only for additional visual details):\nComponent: Keyestudio Sensor Shield V5.2 and PIR motion sensor module.\nPurpose: Demonstrates the wiring connection for a PIR motion sensor to the Sensor Shield V5.2.\nTechnical details: \n- Sensor Shield V5.2 pin 2 (S) connects to the PIR module (S) pin.\n- Sensor Shield V5.2 pin 1 (V) connects to the PIR module (+) pin.\n- Sensor Shield V5.2 pin 0 (G) connects to the PIR module (-) pin.\n- The shield labels indicate columns for G (Ground), V (Voltage), and S (Signal) for digital pins 0-13 and analog pins A0-A5.\n- Additional headers present: COM (TX, RX, DGD, 5V), IIC (SCL, SDA, 5V, GND), APC220, and POWER (RESET, 3V3, 5V, GND, VIN).\nUncertainty: None.']","To connect the PIR motion sensor, connect the S pin to digital 3, the negative pin to the GND port, and the positive pin to the 5V port.

When motion is detected, ""Somebody is in this area!"" is displayed on the serial monitor. When no motion is detected, ""No one!"" is displayed.","Wire S to D3, − to GND, and + to 5 V. Motion produces “Somebody is in this area!” with D13 on; no motion produces “No one!” with D13 off.",1.0,0.8801883024616878,1.0,0.49999999995
What are the reed switch module's voltage range and maximum detection distance?,"['**Specification**\n\n-   Working voltage: DC 3.3V-5V\n\n-   Working current: ≥20mA\n\n-   Working temperature: －10℃ to＋50℃\n\n-   Detection distance: ≤10mm\n\n-   IO Interface: 3Pin (-/+/S)', '**Introduction:**\n\nThis is a Magnetic Induction Sensor. It senses the magnetic materials within a detection range up to 3cm.\n\nThe detection range and the strength of the magnetic field are proportional.\n\nThe output is digital on/off. This sensor uses the SFE Reed Switch - Magnetic Field Sensor.', 'Authoritative document text:\n**Hardware Connection**\n\nTo begin with, you need to prepare the following parts:\n\n-   Control board \\* 1\n\n-   keyestudio Sensor Shield V5\\* 1\n\n-   USB Cable\\* 1\n\n-   Reed switch sensor\\* 1\n\n-   Dupont Line \\*3\n\nConnect the S pin to digital 3, negative pin to GND port, positive pin to 5V port.\n\nImage caption (use only for additional visual details):\nComponent: Keyestudio Reed Switch module, Keyestudio Sensor Shield V5.0, and 18650 battery pack.\n\nPurpose: Demonstrates the wiring setup for a Reed Switch project where the switch detects a magnetic field from magnetic balls, causing the switch module\'s LED to illuminate while toggling the state of the board\'s D13 LED.\n\nTechnical details:\n- Sensor Shield V5.0: Equipped with 3-pin headers for S (Signal), V (VCC), and G (GND). \n- Power: External 18650 battery pack connected to the board via a DC barrel jack.\n- Reed Switch: 3-wire connection (Yellow, Red, Black) to the sensor shield.\n- Status Indicators: On-board ""PWR"" LED lit; D13 LED (labeled 13) visible on the board.\n- Magnetic sensor: Reed switch module with magnetic balls attached.\n\nUncertainty: Precise pin mapping on the sensor shield for the reed switch cannot be fully confirmed due to cable bundle density. The exact state of D13 (on/off) at the moment of capture is visually ambiguous.', ""Authoritative document text:\n**Hardware Connection**\n\nTo begin with, you need to prepare the following parts:\n\n-   Control board \\* 1\n\n-   keyestudio Sensor Shield V5\\* 1\n\n-   USB Cable\\* 1\n\n-   Reed switch sensor\\* 1\n\n-   Dupont Line \\*3\n\nConnect the S pin to digital 3, negative pin to GND port, positive pin to 5V port.\n\nImage caption (use only for additional visual details):\nComponent: Keyestudio MEGA Sensor Shield V1.3 and Reed Switch module.\n\nPurpose: Demonstrates the electrical connection between a reed switch module and a sensor shield.\n\nTechnical details:\n- Reed switch module pins: S, +, -\n- Sensor shield connections:\n    - Reed switch 'S' pin connected to digital pin 2 (S row).\n    - Reed switch '+' pin connected to digital pin 2 (V row).\n    - Reed switch '-' pin connected to digital pin 2 (G row).\n- Shield includes labels for: PWM, DIGITAL, ANALOG, ICSP, URF01, APC220, and 2560 R3 headers (pins 22-53).\n\nUncertainty: None."", '**Description:**\n\n\n\nReed Switch is a special switch and a main component for reed relay and proximity switch. Reed switch is usually comprised of two soft magnetic materials and metal reed contacts which will disconnect itself when there is no magnetic.\n\nIn addition, some reed switches are also equipped with another reed acting as the third normally-closed contact. These reed contacts are encapsulated in a glass tube fulled of inert gases(such as nitrogen and helium) or in a vacuum glass tube.\n\nThe reeds encapsulated in the glass tube are placed in parallel with ends overlapped. Certain amount of space or mutual contact will be reserved to constitute the normally-open or normally-closed contacts of the switch.\n\nReed switch can be used as for count, limit or other purposes. For instance, a kind of bike-kilometer is constituted by sticking magnetic to the tire and mounting reed switch aside. You can also mount reed switch on the door for alarming purpose or as switches.\n\nReed switch has been widely applied in household appliances, cars, communication, industry, healthcare and security areas.\n\nFurthermore, it can also be applied to other sensors and electric devices such as liquidometer, door magnet, reed relay, oil level sensor and proximity sensor(magnetic sensor). It can be used under high-risk environment.']","Based on the provided contexts, the reed switch module has a working voltage of DC 3.3V-5V and a detection distance of ≤10mm (with another source mentioning a range up to 3cm).",It operates at 3.3–5 V and detects at up to 10 mm.,0.6666666666666666,0.9665514919307157,1.0,0.9999999999
What happens to the module LED and Arduino D13 LED when a magnet is brought near the reed switch?,"['**Example Result**\n\nDone wiring and powered up, upload well the code to the board. You can see the D13 led on V4.0 board is on.\n\nThen we put some magnetic balls close to the sensor. When the sensor detects the magnetic field signal, the led on the sensor will be turned on but D13 led will be turned off.', 'Authoritative document text:\n**Hardware Connection**\n\nTo begin with, you need to prepare the following parts:\n\n-   Control board \\* 1\n\n-   keyestudio Sensor Shield V5\\* 1\n\n-   USB Cable\\* 1\n\n-   Reed switch sensor\\* 1\n\n-   Dupont Line \\*3\n\nConnect the S pin to digital 3, negative pin to GND port, positive pin to 5V port.\n\nImage caption (use only for additional visual details):\nComponent: Keyestudio Reed Switch module, Keyestudio Sensor Shield V5.0, and 18650 battery pack.\n\nPurpose: Demonstrates the wiring setup for a Reed Switch project where the switch detects a magnetic field from magnetic balls, causing the switch module\'s LED to illuminate while toggling the state of the board\'s D13 LED.\n\nTechnical details:\n- Sensor Shield V5.0: Equipped with 3-pin headers for S (Signal), V (VCC), and G (GND). \n- Power: External 18650 battery pack connected to the board via a DC barrel jack.\n- Reed Switch: 3-wire connection (Yellow, Red, Black) to the sensor shield.\n- Status Indicators: On-board ""PWR"" LED lit; D13 LED (labeled 13) visible on the board.\n- Magnetic sensor: Reed switch module with magnetic balls attached.\n\nUncertainty: Precise pin mapping on the sensor shield for the reed switch cannot be fully confirmed due to cable bundle density. The exact state of D13 (on/off) at the moment of capture is visually ambiguous.', '**Example Result**\n\nWire it up and upload well the code to board, you will see that D13 indicator on V4.0 board is off, and led on the module is also off.\n\nBut if put a magnetic ball close to the hall module, you will see the D13 indicator on V4.0 board is turned on, and led on the module is also turned on.', 'Authoritative document text:\n**Hardware Connection**\n\nTo begin with, you need to prepare the following parts:\n\n-   Control board \\* 1\n\n-   keyestudio Sensor Shield V5\\* 1\n\n-   USB Cable\\* 1\n\n-   Reed switch sensor\\* 1\n\n-   Dupont Line \\*3\n\nConnect the S pin to digital 3, negative pin to GND port, positive pin to 5V port.\n\nImage caption (use only for additional visual details):\nComponent: Keyestudio Reed Switch module.\n\nPurpose: Demonstrates the physical layout and components of a magnetic reed switch sensor board.\n\nTechnical details:\n- Board features a glass-encapsulated reed switch component mounted on a black PCB.\n- Interface: Three-pin header labeled ""S"", ""+"", and ""-"".\n- Surface-mounted components: Resistors labeled ""R1"" and ""R2"" (with ""102"" markings) and an LED labeled ""LED1"".\n- Branding: ""Keyestudio"" printed on the PCB surface.\n- Mounting: One circular through-hole for mechanical fastening.\n\nUncertainty: None.', '**Introduction:**\n\nLED has wide applications. Most signal lights we saw in our daily life use LED as its major light source. In today’s experiment, we are going to use Arduino to make LED module flashing.']","When a magnetic field is detected by the reed switch sensor, the LED on the sensor module turns on, while the D13 LED on the board turns off.","The sensor LED turns on, while the Arduino D13 LED turns off.",1.0,,1.0,0.9999999999
What is the Hall magnetic sensor's detection range and output type?,"['**Introduction:**\n\nThis is a Magnetic Induction Sensor. It senses the magnetic materials within a detection range up to 3cm.\n\nThe detection range and the strength of the magnetic field are proportional.\n\nThe output is digital on/off. This sensor uses the SFE Reed Switch - Magnetic Field Sensor.', '**Specification:**\n\n-   Sensing magnetic materials\n\n-   Detection range: up to 3cm\n\n-   Output: digital on/off\n\n-   Detection range and magnetic field strength are proportional', 'Authoritative document text:\n**Hardware Connection**\n\nTo begin with, you need to prepare the following parts:\n\n-   Control board \\* 1\n\n-   keyestudio Sensor Shield V5\\* 1\n\n-   USB Cable\\* 1\n\n-   Hall Magnetic sensor\\* 1\n\n-   Dupont Line \\*3\n\nConnect the S pin to digital 3, negative pin to GND port, positive pin to 5V port.\n\nImage caption (use only for additional visual details):\nComponent: Keyestudio Hall Magnetic Sensor module connected to a Keyestudio Sensor Shield V5.2 on a controller board, powered by a 2x 18650 battery holder.\n\nPurpose: Demonstrates the interaction between a Hall effect sensor and a magnetic field. When a magnetic ball is brought near the sensor, the module’s onboard LED and the D13 indicator on the Sensor Shield V5.2 are illuminated.\n\nTechnical details:\n- Sensor module: Marked ""Keyestudio"" with a 3-pin interface (labeled -, +, S) and an onboard LED.\n- Sensor shield: Labeled ""Keyestudio Sensor Shield V5.2"".\n- Power: 2x 3.7V 18650 batteries in a series/parallel battery holder connected to the shield’s DC power jack.\n- Connection: 3-wire cable connecting the sensor module to the sensor shield.\n\nUncertainty: The specific pinout on the Sensor Shield headers for the Hall sensor cannot be confirmed as the wires disappear into the header housing. The exact output state of the D13 LED is inferred from the nearby text rather than visual verification of illumination.', 'Authoritative document text:\n**Hardware Connection**\n\nTo begin with, you need to prepare the following parts:\n\n-   Control board \\* 1\n\n-   keyestudio Sensor Shield V5\\* 1\n\n-   USB Cable\\* 1\n\n-   Hall Magnetic sensor\\* 1\n\n-   Dupont Line \\*3\n\nConnect the S pin to digital 3, negative pin to GND port, positive pin to 5V port.\n\nImage caption (use only for additional visual details):\nComponent: Keyestudio Hall Magnetic Sensor module.\nPurpose: Demonstrates the physical layout and components of the sensor board.\nTechnical details: The board features a 3-pin connector labeled S (Signal), + (VCC), and - (GND). It includes a surface-mount LED (labeled L) and a resistor (labeled R1, with a value of 681). The Hall effect sensor component is labeled ""44E 938"".\nUncertainty: None.', 'Authoritative document text:\n**Hardware Connection**\n\nTo begin with, you need to prepare the following parts:\n\n-   Control board \\* 1\n\n-   keyestudio Sensor Shield V5\\* 1\n\n-   USB Cable\\* 1\n\n-   Hall Magnetic sensor\\* 1\n\n-   Dupont Line \\*3\n\nConnect the S pin to digital 3, negative pin to GND port, positive pin to 5V port.\n\nImage caption (use only for additional visual details):\nComponent: Keyestudio Sensor Shield V1.3 and Hall Magnetic Sensor module.\nPurpose: Demonstrates the electrical connection between a Hall Magnetic Sensor and a 2560 R3-compatible sensor shield.\nTechnical details:\n- Hall Sensor (-) pin connected to Sensor Shield GND (G) on pin 2.\n- Hall Sensor (+) pin connected to Sensor Shield VCC (V) on pin 2.\n- Hall Sensor (S) pin connected to Sensor Shield Signal (S) on pin 2.\n- Sensor shield components include labeled PWM, DIGITAL, ANALOG, and ANALOG IN pin headers.\n- Board markings: ""keyestudio"", ""MEGA Sensor shield V1.3"", ""49E 419NBG"".\nUncertainty: None.']",The Hall magnetic sensor has a detection range of up to 3cm and a digital on/off output type.,It detects magnetic material up to about 3 cm and provides a digital on/off output.,1.0,0.9915315733847364,1.0,0.99999999995
What indicators change when a magnet is placed near the Hall magnetic sensor?,"['**Example Result**\n\nWire it up and upload well the code to board, you will see that D13 indicator on V4.0 board is off, and led on the module is also off.\n\nBut if put a magnetic ball close to the hall module, you will see the D13 indicator on V4.0 board is turned on, and led on the module is also turned on.', '**Introduction:**\n\nThis is a Magnetic Induction Sensor. It senses the magnetic materials within a detection range up to 3cm.\n\nThe detection range and the strength of the magnetic field are proportional.\n\nThe output is digital on/off. This sensor uses the SFE Reed Switch - Magnetic Field Sensor.', 'Authoritative document text:\n**Hardware Connection**\n\nTo begin with, you need to prepare the following parts:\n\n-   Control board \\* 1\n\n-   keyestudio Sensor Shield V5\\* 1\n\n-   USB Cable\\* 1\n\n-   Hall Magnetic sensor\\* 1\n\n-   Dupont Line \\*3\n\nConnect the S pin to digital 3, negative pin to GND port, positive pin to 5V port.\n\nImage caption (use only for additional visual details):\nComponent: Keyestudio Hall Magnetic Sensor module connected to a Keyestudio Sensor Shield V5.2 on a controller board, powered by a 2x 18650 battery holder.\n\nPurpose: Demonstrates the interaction between a Hall effect sensor and a magnetic field. When a magnetic ball is brought near the sensor, the module’s onboard LED and the D13 indicator on the Sensor Shield V5.2 are illuminated.\n\nTechnical details:\n- Sensor module: Marked ""Keyestudio"" with a 3-pin interface (labeled -, +, S) and an onboard LED.\n- Sensor shield: Labeled ""Keyestudio Sensor Shield V5.2"".\n- Power: 2x 3.7V 18650 batteries in a series/parallel battery holder connected to the shield’s DC power jack.\n- Connection: 3-wire cable connecting the sensor module to the sensor shield.\n\nUncertainty: The specific pinout on the Sensor Shield headers for the Hall sensor cannot be confirmed as the wires disappear into the header housing. The exact output state of the D13 LED is inferred from the nearby text rather than visual verification of illumination.', '**Specification:**\n\n-   Sensing magnetic materials\n\n-   Detection range: up to 3cm\n\n-   Output: digital on/off\n\n-   Detection range and magnetic field strength are proportional', 'Authoritative document text:\n**Hardware Connection**\n\nTo begin with, you need to prepare the following parts:\n\n-   Control board \\* 1\n\n-   keyestudio Sensor Shield V5\\* 1\n\n-   USB Cable\\* 1\n\n-   Hall Magnetic sensor\\* 1\n\n-   Dupont Line \\*3\n\nConnect the S pin to digital 3, negative pin to GND port, positive pin to 5V port.\n\nImage caption (use only for additional visual details):\nComponent: Keyestudio Sensor Shield V1.3 and Hall Magnetic Sensor module.\nPurpose: Demonstrates the electrical connection between a Hall Magnetic Sensor and a 2560 R3-compatible sensor shield.\nTechnical details:\n- Hall Sensor (-) pin connected to Sensor Shield GND (G) on pin 2.\n- Hall Sensor (+) pin connected to Sensor Shield VCC (V) on pin 2.\n- Hall Sensor (S) pin connected to Sensor Shield Signal (S) on pin 2.\n- Sensor shield components include labeled PWM, DIGITAL, ANALOG, and ANALOG IN pin headers.\n- Board markings: ""keyestudio"", ""MEGA Sensor shield V1.3"", ""49E 419NBG"".\nUncertainty: None.']","When a magnet is placed near the Hall magnetic sensor, the D13 indicator on the V4.0 board turns on, and the LED on the sensor module also turns on.",Both the board's D13 indicator and the module LED turn on.,1.0,0.8603793885832856,1.0,0.8333333332916666
What kinds of lines can the line-tracking sensor detect?,"['**Introduction:**\n\nThis Line Tracking Sensor can detect white line in black and black line in white. The single line-tracking signal provides a stable output signal TTL for a more accurate and more stable line. Multi-channel option can be easily achieved by installing required line-tracking robot sensors.', 'Authoritative document text:\n**Hardware Connection**\n\nTo begin with, you need to prepare the following parts:\n\n-   Control board \\* 1\n\n-   keyestudio Sensor Shield V5\\* 1\n\n-   USB Cable\\* 1\n\n-   Line tracking sensor\\*1\n\n-   Dupont Line \\*3\n\nConnect the S pin to digital 3, negative pin to GND port, positive pin to 5V port.\n\nImage caption (use only for additional visual details):\nComponent: Infrared (IR) line tracking sensor module.\n\nPurpose: Demonstrates the hardware used for line detection in Project 14.\n\nTechnical details:\n- Interface: Three-pin male header labeled S (Signal), V+ (Power), and G (Ground).\n- Components: Includes an IR transmitter/receiver pair, a blue potentiometer for sensitivity adjustment (labeled ""103""), and an integrated circuit labeled ""IC1"".\n- Silkscreen labels: R2, R3, IR, and circular mounting hole labeled ""G"".\n\nUncertainty: The specific part number of the IC labeled ""IC1"" is not clearly legible.', 'Authoritative document text:\n**Hardware Connection**\n\nTo begin with, you need to prepare the following parts:\n\n-   Control board \\* 1\n\n-   keyestudio Sensor Shield V5\\* 1\n\n-   USB Cable\\* 1\n\n-   Line tracking sensor\\*1\n\n-   Dupont Line \\*3\n\nConnect the S pin to digital 3, negative pin to GND port, positive pin to 5V port.\n\nImage caption (use only for additional visual details):\nComponent: Line tracking module connected to a Sensor Shield V5.0 mounted on an Arduino-compatible microcontroller board.\n\nPurpose: Demonstrates the hardware wiring setup for a line tracking sensor project.\n\nTechnical details:\n- Components: Line tracking sensor, Sensor Shield V5.0, and 2x 18650 3.7V 3500mAh Li-ion battery pack.\n- Power: The battery pack is connected to the shield\'s power input (GND and VCC terminals).\n- Sensor Connections: The 3-pin sensor header is wired to the shield; the signal/VCC/GND wires connect to the shield\'s pin headers.\n- Board markings: ""Sensor Shield V5.0"", ""ANALOG IN 0 1 2"", ""POWER GND VIN"", ""AREF GND 13"", ""SPI"".\n\nUncertainty: Precise pin-to-pin mapping on the shield\'s header pins (S, V, G) is partially obscured by the connector housing and wiring angle.', ""Authoritative document text:\n**Hardware Connection**\n\nTo begin with, you need to prepare the following parts:\n\n-   Control board \\* 1\n\n-   keyestudio Sensor Shield V5\\* 1\n\n-   USB Cable\\* 1\n\n-   Line tracking sensor\\*1\n\n-   Dupont Line \\*3\n\nConnect the S pin to digital 3, negative pin to GND port, positive pin to 5V port.\n\nImage caption (use only for additional visual details):\nComponent: Line tracking module connected to a Keyestudio Sensor Shield V2.0 mounted on a microcontroller board.\n\nPurpose: Demonstrates the hardware wiring for a line tracking project, powered by a dual 18650 battery holder.\n\nTechnical details:\n- Power: Dual BRC 18650 3500mAh 3.7V Li-ion batteries connected to the shield's power input.\n- Shield: Keyestudio Sensor Shield V2.0 with labeled pin headers (A0-A5, 0-13, AREF, GND, IIC, etc.).\n- Connections: The 3-pin line tracking module is connected to the shield's header pins.\n- Indicator: PWR LED on the shield is illuminated.\n\nUncertainty: The specific pin headers used for the module connection on the shield are not clearly legible due to wire obstruction and angle."", '**Hardware Connection**\n\nTo begin with, you need to prepare the following parts:\n\n-   Control board \\* 1\n\n-   keyestudio Sensor Shield V5\\* 1\n\n-   USB Cable\\* 1\n\n-   Line tracking sensor\\*1\n\n-   Dupont Line \\*3\n\nConnect the S pin to digital 3, negative pin to GND port, positive pin to 5V port.']",The line-tracking sensor can detect a white line on a black background and a black line on a white background.,It can detect both white-on-black and black-on-white lines.,1.0,0.9395925588802725,1.0,0.9999999999
"What are the power supply, output level, and signal-pin connection for the line-tracking sensor?","['**Specification:**\n\n-   Power supply: +5V\n\n-   Operating current: \\<10mA\n\n-   Operating temperature range: 0°C \\~ + 50°C\n\n-   Output interface: 3Pin interface (1 - signal, 2 - power, 3 - power supply negative)\n    \n-   Output Level: TTL level', 'Authoritative document text:\n**Hardware Connection**\n\nTo begin with, you need to prepare the following parts:\n\n-   Control board \\* 1\n\n-   keyestudio Sensor Shield V5\\* 1\n\n-   USB Cable\\* 1\n\n-   Line tracking sensor\\*1\n\n-   Dupont Line \\*3\n\nConnect the S pin to digital 3, negative pin to GND port, positive pin to 5V port.\n\nImage caption (use only for additional visual details):\nComponent: Line tracking module connected to a Sensor Shield V5.0 mounted on an Arduino-compatible microcontroller board.\n\nPurpose: Demonstrates the hardware wiring setup for a line tracking sensor project.\n\nTechnical details:\n- Components: Line tracking sensor, Sensor Shield V5.0, and 2x 18650 3.7V 3500mAh Li-ion battery pack.\n- Power: The battery pack is connected to the shield\'s power input (GND and VCC terminals).\n- Sensor Connections: The 3-pin sensor header is wired to the shield; the signal/VCC/GND wires connect to the shield\'s pin headers.\n- Board markings: ""Sensor Shield V5.0"", ""ANALOG IN 0 1 2"", ""POWER GND VIN"", ""AREF GND 13"", ""SPI"".\n\nUncertainty: Precise pin-to-pin mapping on the shield\'s header pins (S, V, G) is partially obscured by the connector housing and wiring angle.', ""Authoritative document text:\n**Hardware Connection**\n\nTo begin with, you need to prepare the following parts:\n\n-   Control board \\* 1\n\n-   keyestudio Sensor Shield V5\\* 1\n\n-   USB Cable\\* 1\n\n-   Line tracking sensor\\*1\n\n-   Dupont Line \\*3\n\nConnect the S pin to digital 3, negative pin to GND port, positive pin to 5V port.\n\nImage caption (use only for additional visual details):\nComponent: Keyestudio Sensor Shield V5.2 board and a line tracking sensor module.\n\nPurpose: Demonstrates the wiring connection for a line tracking sensor to the Sensor Shield V5.2.\n\nTechnical details:\n- Sensor Shield V5.2 pins (G, V, S) at location '3, 2, 1, 0' are used.\n- Line tracking sensor pins are labeled G, V+, S.\n- Wiring connections:\n    - Sensor 'G' (Ground) to Sensor Shield 'G' at pin 3.\n    - Sensor 'V+' to Sensor Shield 'V' at pin 2.\n    - Sensor 'S' (Signal) to Sensor Shield 'S' at pin 1.\n- Visible sensor module components include an IC (labeled Ic1), a potentiometer (labeled 103), and resistors (R1, R2, R3).\n- Shield includes labels for RESET, COM (TX/RX), IIC (SCL/SDA/5V/GND), ANALOG IN, POWER, and SPI/URF headers.\n\nUncertainty: None."", 'Authoritative document text:\n**Hardware Connection**\n\nTo begin with, you need to prepare the following parts:\n\n-   Control board \\* 1\n\n-   keyestudio Sensor Shield V5\\* 1\n\n-   USB Cable\\* 1\n\n-   Line tracking sensor\\*1\n\n-   Dupont Line \\*3\n\nConnect the S pin to digital 3, negative pin to GND port, positive pin to 5V port.\n\nImage caption (use only for additional visual details):\nComponent: Infrared (IR) line tracking sensor module.\n\nPurpose: Demonstrates the hardware used for line detection in Project 14.\n\nTechnical details:\n- Interface: Three-pin male header labeled S (Signal), V+ (Power), and G (Ground).\n- Components: Includes an IR transmitter/receiver pair, a blue potentiometer for sensitivity adjustment (labeled ""103""), and an integrated circuit labeled ""IC1"".\n- Silkscreen labels: R2, R3, IR, and circular mounting hole labeled ""G"".\n\nUncertainty: The specific part number of the IC labeled ""IC1"" is not clearly legible.', 'Authoritative document text:\n**Hardware Connection**\n\nTo begin with, you need to prepare the following parts:\n\n-   Control board \\* 1\n\n-   keyestudio Sensor Shield V5\\* 1\n\n-   USB Cable\\* 1\n\n-   Line tracking sensor\\*1\n\n-   Dupont Line \\*3\n\nConnect the S pin to digital 3, negative pin to GND port, positive pin to 5V port.\n\nImage caption (use only for additional visual details):\nComponent: Keyestudio MEGA Sensor Shield V1.3 and a line tracking sensor module.\n\nPurpose: Demonstrates the wiring connections between a line tracking sensor module and the Sensor Shield.\n\nTechnical details:\n- Sensor module pin \'G\' (Ground) is connected to pin 39 on the shield.\n- Sensor module pin \'V+\' (Voltage) is connected to pin 41 on the shield.\n- Sensor module pin \'S\' (Signal) is connected to pin 43 on the shield.\n- Connections are made to the ""DIGITAL"" section of the shield (pins 38-45 block).\n\nUncertainty: None.']","The line-tracking sensor has the following specifications:

*   **Power supply:** +5V
*   **Output level:** TTL level
*   **Signal-pin connection:** The sensor features a 3-pin interface (1 - signal, 2 - power, 3 - power supply negative). When connecting to a control board, the S (signal) pin is connected to a digital port (e.g., digital 3), the negative pin is connected to GND, and the positive (V+) pin is connected to the 5V port.","Use 5 V power; the output is TTL. Connect S to D3, − to GND, and + to 5 V.",1.0,0.8812992054143628,1.0,0.249999999975
What wavelength range is the flame sensor designed to detect?,"[""**Introduction:**\n\nThis flame sensor can be used to detect fire or other lights whose wavelength stands at 760nm \\~ 1100nm. In the fire-fighting robot game, the flame plays an important role in the probe, which can be used as the robot's eyes to find fire source."", '**Specification:**\n\n-   Supply Voltage: 3.3V to 5V\n\n-   Detection range: 20cm (4.8V) \\~ 100cm (1V)\n\n-   Rang of Spectral Bandwidth: 760nm to 1100nm\n\n-   Operating temperature: -25℃ to 85℃\n\n-   Interface: digital', '**Description**\n\nkeyestudio GUVA-S12SD ultraviolet sensor is used to detect ultraviolet light.\n\nIt includes GUVA-S12SD applied to measure ultraviolet index of intelligent wearable device, such as watches, smart phone and outdoor device with UV index detecting.\n\nIt can be also used to monitor the intensity of ultraviolet light or used as a UV flame detector when disinfecting things by ultraviolet light.', ""Authoritative document text:\n**Hardware Connection**\n\nTo begin with, you need to prepare the following parts:\n\n-   Control board \\* 1\n\n-   keyestudio Sensor Shield V5\\* 1\n\n-   USB Cable\\* 1\n\n-   Flame sensor\\*1\n\n-   Dupont Line \\*3\n\nConnect the S pin to digital 2, negative pin to GND port, positive pin to 5V port.\n\nImage caption (use only for additional visual details):\nComponent: Flame sensor module connected to an Arduino-compatible expansion board (Sensor Shield).\n\nPurpose: Demonstrates the flame sensor's operation, where the sensor's onboard LED illuminates when a flame (produced by a lighter) is detected.\n\nTechnical details:\n- Components: Flame sensor module, Sensor Shield, 3.7V Li-ion battery holder, and lighter.\n- Connections: The flame sensor is interfaced with the sensor shield via a 3-pin header (VCC, GND, and signal).\n- Power: The sensor shield is powered by an external 3.7V Li-ion battery pack connected via a DC barrel jack.\n- Status: Two red LEDs are visible on the flame sensor module, indicating power and flame detection status.\n\nUncertainty: Precise pin assignments on the sensor shield are obscured by the connector orientation."", '**Introduction:**\n\nThis is a Magnetic Induction Sensor. It senses the magnetic materials within a detection range up to 3cm.\n\nThe detection range and the strength of the magnetic field are proportional.\n\nThe output is digital on/off. This sensor uses the SFE Reed Switch - Magnetic Field Sensor.']",The flame sensor is designed to detect wavelengths in the range of 760nm to 1100nm.,It is designed for light in the 760–1100 nm range.,1.0,0.983407303809197,1.0,0.99999999995
"Using the wiring diagram, how is the flame sensor connected and what indicates flame detection?","[""Authoritative document text:\n**Hardware Connection**\n\nTo begin with, you need to prepare the following parts:\n\n-   Control board \\* 1\n\n-   keyestudio Sensor Shield V5\\* 1\n\n-   USB Cable\\* 1\n\n-   Flame sensor\\*1\n\n-   Dupont Line \\*3\n\nConnect the S pin to digital 2, negative pin to GND port, positive pin to 5V port.\n\nImage caption (use only for additional visual details):\nComponent: Flame sensor module connected to an Arduino-compatible expansion board (Sensor Shield).\n\nPurpose: Demonstrates the flame sensor's operation, where the sensor's onboard LED illuminates when a flame (produced by a lighter) is detected.\n\nTechnical details:\n- Components: Flame sensor module, Sensor Shield, 3.7V Li-ion battery holder, and lighter.\n- Connections: The flame sensor is interfaced with the sensor shield via a 3-pin header (VCC, GND, and signal).\n- Power: The sensor shield is powered by an external 3.7V Li-ion battery pack connected via a DC barrel jack.\n- Status: Two red LEDs are visible on the flame sensor module, indicating power and flame detection status.\n\nUncertainty: Precise pin assignments on the sensor shield are obscured by the connector orientation."", '**Example Result**\n\nDone wiring and powered up, upload well the code to the board.\n\nThen if you put a lighter close to the sensor, when the sensor detects the flame, another led on the sensor is turned on.', 'Authoritative document text:\n**Hardware Connection**\n\nTo begin with, you need to prepare the following parts:\n\n-   Control board \\* 1\n\n-   keyestudio Sensor Shield V5\\* 1\n\n-   USB Cable\\* 1\n\n-   Flame sensor\\*1\n\n-   Dupont Line \\*3\n\nConnect the S pin to digital 2, negative pin to GND port, positive pin to 5V port.\n\nImage caption (use only for additional visual details):\nComponent: Keyestudio Sensor Shield V5.2 and a flame sensor.\n\nPurpose: Demonstrates the wiring connection between a flame sensor and the Sensor Shield V5.2.\n\nTechnical details:\n- Sensor GND pin connects to Shield pin 0 (GND).\n- Sensor VCC pin connects to Shield pin 1 (V).\n- Sensor DO pin connects to Shield pin 2 (S).\n- The Sensor Shield V5.2 includes headers labeled G (GND), V (VCC), and S (Signal) for digital pins 0-13 and analog pins A0-A5.\n- The flame sensor features pins labeled GND, VCC, DO, and AO. \n- The board includes a RESET button, power terminals, and additional interface headers (COM, IIC, APC220, URF, SPI).\n\nUncertainty: None.', 'Authoritative document text:\n**Hardware Connection**\n\nTo begin with, you need to prepare the following parts:\n\n-   Control board \\* 1\n\n-   keyestudio Sensor Shield V5\\* 1\n\n-   USB Cable\\* 1\n\n-   Flame sensor\\*1\n\n-   Dupont Line \\*3\n\nConnect the S pin to digital 2, negative pin to GND port, positive pin to 5V port.\n\nImage caption (use only for additional visual details):\nComponent: Keyestudio MEGA Sensor Shield V1.3 and Flame Sensor module.\nPurpose: Demonstrates the wiring connection between a flame sensor and a MEGA sensor shield for an Arduino 2560 R3.\nTechnical details:\n- Shield Pin 2 (Signal/S): Connected to Sensor AO (Analog Output).\n- Shield Pin 3 (Signal/S): Connected to Sensor DO (Digital Output).\n- Shield Pin 5V (V): Connected to Sensor VCC.\n- Shield Pin GND (G): Connected to Sensor GND.\n- Sensor components include a potentiometer, resistors labeled 103 and 471, and an IR receiver.\nUncertainty: None.', 'Authoritative document text:\n**Hardware Connection**\n\nTo begin with, you need to prepare the following parts:\n\n-   Control board \\* 1\n\n-   keyestudio Sensor Shield V5\\* 1\n\n-   USB Cable\\* 1\n\n-   Flame sensor\\*1\n\n-   Dupont Line \\*3\n\nConnect the S pin to digital 2, negative pin to GND port, positive pin to 5V port.\n\nImage caption (use only for additional visual details):\nComponent: Flame sensor module.\n\nPurpose: Demonstrates the hardware component used for the Project 15 flame sensor setup.\n\nTechnical details: The board includes a 4-pin header, a blue potentiometer labeled ""3362"" and ""P103"", an integrated circuit labeled ""10393"", and a black infrared flame sensor head. The PCB is marked with the ""Keyestudio"" brand logo.\n\nUncertainty: Precise pinout labels (such as VCC, GND, DO, AO) are partially obscured by the header, though VCC is visible. The exact batch number on the IC is partially uncertain.']","To connect the flame sensor, connect the S pin to digital 2, the negative pin to the GND port, and the positive pin to the 5V port. Flame detection is indicated by an LED on the sensor turning on.","Wire S to D2, − to GND, and + to 5 V. A detected flame turns on the sensor's indicator LED.",1.0,0.8714285465033167,1.0,0.8041666666465626
What is the adjustable detection range and effective angle of the infrared obstacle-avoidance sensor?,"['**Introduction:**\n\nInfrared obstacle avoidance sensor is equipped with distance adjustment function and is especially designed for wheeled robots.\n\nThis sensor has strong adaptability to ambient light and is of high precision. It has a pair of infrared transmitting and receiving tube.\n\nWhen infrared ray launched by the transmitting tube encounters an obstacle (its reflector), the infrared ray is reflected to the receiving tube, and the indicator will light up; the signal output interface outputs digital signal.\n\nWe can adjust the detection distance through the potentiometer knob (effective distance: 2～40cm, working Voltage: 3.3V-5V ).\n\nThanks to a wide voltage range, this sensor can work steadily even under fluctuating power supply voltage and is suitable for the use of various micro-controllers, Arduino controllers and BS2 controllers.\n\nA robot mounted with the sensor can sense changes in the environment.', '**Specification：**\n\n-   Working voltage: DC 3.3V-5V\n\n-   Working current: ≥20mA\n\n-   Working temperature: －10℃—＋50℃\n\n-   Detection distance: 2-40cm\n\n-   IO Interface: 4 wire interface (-/+/S/EN)\n\n-   Output signal: TTL voltage\n\n-   Accommodation mode: Multi-circle resistance regulation\n\n-   Effective Angle: 35°', 'Authoritative document text:\n**Hardware Connection**\n\nTo begin with, you need to prepare the following parts:\n\n-   Control board \\* 1\n\n-   keyestudio Sensor Shield V5\\* 1\n\n-   USB Cable\\* 1\n\n-   Infrared obstacle avoidance sensor\\*1\n\n-   Dupont Line \\*3\n\nConnect the S pin to digital 2, negative pin to GND port, positive pin to 5V port.\n\nImage caption (use only for additional visual details):\nComponent: Infrared obstacle avoidance system, comprising an infrared sensor module, a Keyes Sensor Shield v2, and a 2x18650 battery holder.\n\nPurpose: Demonstrates the detection of an obstacle (represented by a red block) using an infrared sensor, which activates an onboard LED when triggered.\n\nTechnical details:\n- Infrared sensor module: Features two potentiometers and an indicator LED.\n- Sensor shield: Keyes Sensor Shield v2 with pin headers labeled AREF, GND, 13, 12, 11, 10, A0-A5, and power/status LEDs.\n- Power: 2x 3.7V 3500mAh 18650 Li-ion batteries connected to the shield’s DC barrel jack.\n- Connections: Three-wire interface connects the sensor module to the sensor shield.\n\nUncertainty: Precise pin mapping for the sensor connection to the shield headers cannot be visually confirmed.', 'Authoritative document text:\n**Hardware Connection**\n\nTo begin with, you need to prepare the following parts:\n\n-   Control board \\* 1\n\n-   keyestudio Sensor Shield V5\\* 1\n\n-   USB Cable\\* 1\n\n-   Infrared obstacle avoidance sensor\\*1\n\n-   Dupont Line \\*3\n\nConnect the S pin to digital 2, negative pin to GND port, positive pin to 5V port.\n\nImage caption (use only for additional visual details):\nComponent: Keyestudio Infrared Obstacle Avoidance Sensor Module.\n\nPurpose: Demonstrates the hardware layout and components of the infrared obstacle avoidance sensor used in Project 16.\n\nTechnical details: The module features an infrared receiver (RX) and transmitter (SLED/PLED), two potentiometers for sensitivity adjustment, an orange jumper block labeled ""EN"", and a four-pin interface with a ""GND"" label visible. The board includes a central integrated circuit marked ""NE555"" and various surface-mount resistors (R1-R4) and capacitors (C1-C2).\n\nUncertainty: Pinout labels other than ""GND"" are obscured by the viewing angle. Pin designations and specific values for unmarked passive components are not fully readable.', 'Authoritative document text:\n**Hardware Connection**\n\nTo begin with, you need to prepare the following parts:\n\n-   Control board \\* 1\n\n-   keyestudio Sensor Shield V5\\* 1\n\n-   USB Cable\\* 1\n\n-   Infrared obstacle avoidance sensor\\*1\n\n-   Dupont Line \\*3\n\nConnect the S pin to digital 2, negative pin to GND port, positive pin to 5V port.\n\nImage caption (use only for additional visual details):\nComponent: Keyestudio MEGA Sensor Shield V1.3 and infrared obstacle avoidance sensor module.\n\nPurpose: Demonstrates wiring connections between an infrared obstacle avoidance sensor and a Keyestudio MEGA Sensor Shield V1.3.\n\nTechnical details: \n- Sensor ""G"" (Ground) pin connects to the Shield ""G"" pin at digital I/O header 3 (row S).\n- Sensor ""V"" (Voltage) pin connects to the Shield ""V"" pin at digital I/O header 2 (row S).\n- Sensor ""S"" (Signal) pin connects to the Shield ""S"" pin at digital I/O header 1 (row S).\n- Shield labeled ""DIGITAL"" headers include pins 0-53 and A0-A15.\n\nUncertainty: Wire connections are traced based on visual overlay; specific pin identification relies on board silkscreen labels.']","The adjustable detection range of the infrared obstacle-avoidance sensor is 2–40 cm, and its effective angle is 35°.","Its adjustable range is 2–40 cm, with an effective angle of about 35°.",1.0,0.9999999999999996,1.0,0.49999999995
"Using the wiring diagram, how should the obstacle-avoidance sensor be wired, and what happens when it detects a foam block?","['**Example Result**\n\nDone uploading the code to board, if we put a foam block in front of the sensor, this time when sensor detects the obstacle, sled on the sensor will be turned on.', 'Authoritative document text:\n**Hardware Connection**\n\nTo begin with, you need to prepare the following parts:\n\n-   Control board \\* 1\n\n-   keyestudio Sensor Shield V5\\* 1\n\n-   USB Cable\\* 1\n\n-   Infrared obstacle avoidance sensor\\*1\n\n-   Dupont Line \\*3\n\nConnect the S pin to digital 2, negative pin to GND port, positive pin to 5V port.\n\nImage caption (use only for additional visual details):\nComponent: Infrared obstacle avoidance system, comprising an infrared sensor module, a Keyes Sensor Shield v2, and a 2x18650 battery holder.\n\nPurpose: Demonstrates the detection of an obstacle (represented by a red block) using an infrared sensor, which activates an onboard LED when triggered.\n\nTechnical details:\n- Infrared sensor module: Features two potentiometers and an indicator LED.\n- Sensor shield: Keyes Sensor Shield v2 with pin headers labeled AREF, GND, 13, 12, 11, 10, A0-A5, and power/status LEDs.\n- Power: 2x 3.7V 3500mAh 18650 Li-ion batteries connected to the shield’s DC barrel jack.\n- Connections: Three-wire interface connects the sensor module to the sensor shield.\n\nUncertainty: Precise pin mapping for the sensor connection to the shield headers cannot be visually confirmed.', 'Authoritative document text:\n**Hardware Connection**\n\nTo begin with, you need to prepare the following parts:\n\n-   Control board \\* 1\n\n-   keyestudio Sensor Shield V5\\* 1\n\n-   USB Cable\\* 1\n\n-   Infrared obstacle avoidance sensor\\*1\n\n-   Dupont Line \\*3\n\nConnect the S pin to digital 2, negative pin to GND port, positive pin to 5V port.\n\nImage caption (use only for additional visual details):\nComponent: Keyestudio MEGA Sensor Shield V1.3 and infrared obstacle avoidance sensor module.\n\nPurpose: Demonstrates wiring connections between an infrared obstacle avoidance sensor and a Keyestudio MEGA Sensor Shield V1.3.\n\nTechnical details: \n- Sensor ""G"" (Ground) pin connects to the Shield ""G"" pin at digital I/O header 3 (row S).\n- Sensor ""V"" (Voltage) pin connects to the Shield ""V"" pin at digital I/O header 2 (row S).\n- Sensor ""S"" (Signal) pin connects to the Shield ""S"" pin at digital I/O header 1 (row S).\n- Shield labeled ""DIGITAL"" headers include pins 0-53 and A0-A15.\n\nUncertainty: Wire connections are traced based on visual overlay; specific pin identification relies on board silkscreen labels.', 'Authoritative document text:\n**Hardware Connection**\n\nTo begin with, you need to prepare the following parts:\n\n-   Control board \\* 1\n\n-   keyestudio Sensor Shield V5\\* 1\n\n-   USB Cable\\* 1\n\n-   Infrared obstacle avoidance sensor\\*1\n\n-   Dupont Line \\*3\n\nConnect the S pin to digital 2, negative pin to GND port, positive pin to 5V port.\n\nImage caption (use only for additional visual details):\nComponent: Keyestudio Sensor Shield V5.2 and an Infrared Obstacle Avoidance sensor module.\n\nPurpose: Demonstrates the wiring connection between the Sensor Shield V5.2 and an infrared obstacle avoidance sensor.\n\nTechnical details:\n- Sensor module pins G, V, S, EN are connected to the Sensor Shield.\n- Sensor Shield pin G connects to module pin G.\n- Sensor Shield pin V connects to module pin V.\n- Sensor Shield pin S (Pin 2) connects to module pin S.\n- A fourth wire connects Sensor Shield pin 1 (or possibly nearby signal pin) to module pin EN.\n- Sensor Shield board includes labels for: RESET, AREF, GND, 13-0, A0-A5, TX, RX, D5, COM, SCL, SDA, 5V, IIC, SPI, URF, POWER (3V3, 5V, GND, VIN).\n- Infrared sensor module includes labels: G, V, S, EN, C1, C2, R1-R4, J03, Ur1, Pled, Sled, RX, 1rDA.\n\nUncertainty: The exact pin header connection for the fourth wire (EN pin) on the sensor shield is obscured by overlap, appearing to connect near pin 1.', '**Introduction:**\n\nInfrared obstacle avoidance sensor is equipped with distance adjustment function and is especially designed for wheeled robots.\n\nThis sensor has strong adaptability to ambient light and is of high precision. It has a pair of infrared transmitting and receiving tube.\n\nWhen infrared ray launched by the transmitting tube encounters an obstacle (its reflector), the infrared ray is reflected to the receiving tube, and the indicator will light up; the signal output interface outputs digital signal.\n\nWe can adjust the detection distance through the potentiometer knob (effective distance: 2～40cm, working Voltage: 3.3V-5V ).\n\nThanks to a wide voltage range, this sensor can work steadily even under fluctuating power supply voltage and is suitable for the use of various micro-controllers, Arduino controllers and BS2 controllers.\n\nA robot mounted with the sensor can sense changes in the environment.']","To wire the obstacle-avoidance sensor, connect the S pin to digital 2, the negative pin to the GND port, and the positive pin to the 5V port on the sensor shield. When the sensor detects a foam block, the ""Sled"" (indicator LED) on the sensor turns on and the signal output interface outputs a digital signal.","Connect S to D2, − to GND, and + to 5 V. Detection should turn on the sensor LED.",1.0,0.9642461462955788,1.0,0.49999999995
What interface and voltage does the photocell sensor use?,"['**Specification:**\n\n-   Interface type: analog\n\n-   Working voltage: 5V', 'Authoritative document text:\n**Hardware Connection**\n\nTo begin with, you need to prepare the following parts:\n\n-   Control board \\* 1\n\n-   keyestudio Sensor Shield V5\\* 1\n\n-   USB Cable\\* 1\n\n-   Photocell sensor\\*1\n\n-   Dupont Line \\*3\n\nConnect the S pin to analog A0, negative pin to GND port, positive pin to 5V port.\n\nImage caption (use only for additional visual details):\nComponent: Keyestudio sensor shield and photocell sensor module.\nPurpose: Demonstrates the wired setup for a photocell project.\nTechnical details: The photocell sensor module is connected to the sensor shield via a 3-pin header. The sensor pin labels are visible as ""-"", ""+"", and ""S"". On the sensor shield, connections are made to the ""G"" (Ground), ""V"" (Voltage), and ""S"" (Signal/Analog) header pins. The sensor shield is powered via a USB cable. The ""PWR"" LED on the sensor shield is illuminated, indicating the board is receiving power.\nUncertainty: The exact pin number on the analog header used for the ""S"" connection is partially obscured, appearing near the A0 or A1 labels.', 'Authoritative document text:\n**Hardware Connection**\n\nTo begin with, you need to prepare the following parts:\n\n-   Control board \\* 1\n\n-   keyestudio Sensor Shield V5\\* 1\n\n-   USB Cable\\* 1\n\n-   Photocell sensor\\*1\n\n-   Dupont Line \\*3\n\nConnect the S pin to analog A0, negative pin to GND port, positive pin to 5V port.\n\nImage caption (use only for additional visual details):\nComponent: Keyestudio Sensor Shield V5.2 board and a photocell sensor module.\n\nPurpose: Demonstrates the wiring connections between a photocell sensor module and the analog pins of the Sensor Shield V5.2.\n\nTechnical details:\n- Photocell sensor pins: ""S"" (Signal), ""+"" (VCC), ""-"" (GND).\n- Shield A1 header: Connected to photocell ""S"" (purple wire).\n- Shield A2 header: Connected to photocell ""+"" (red wire).\n- Shield A3 header: Connected to photocell ""-"" (gray wire).\n- Shield headers labeled: G (GND), V (VCC), S (Signal).\n- Additional shield labels: RESET button, APC220, COM (TX/RX/GND/5V), IIC (SCL/SDA/5V/GND), POWER (RESET/3V3/5V/GND/VIN), ANALOG IN (0-5), SPI, URF.\n- Photocell module components: C1, R1 (labeled 472), and light-dependent resistor symbol.\n\nUncertainty: None.', 'Authoritative document text:\n**Hardware Connection**\n\nTo begin with, you need to prepare the following parts:\n\n-   Control board \\* 1\n\n-   keyestudio Sensor Shield V5\\* 1\n\n-   USB Cable\\* 1\n\n-   Photocell sensor\\*1\n\n-   Dupont Line \\*3\n\nConnect the S pin to analog A0, negative pin to GND port, positive pin to 5V port.\n\nImage caption (use only for additional visual details):\nComponent: Keyestudio MEGA Sensor Shield V1.3 and a photocell sensor module.\n\nPurpose: Demonstrates the wiring connection for a photocell sensor to the Sensor Shield V1.3.\n\nTechnical details:\n- Photocell module pins labeled: S (signal), + (positive), - (negative).\n- Photocell S pin connects to Sensor Shield pin A0.\n- Photocell + pin connects to Sensor Shield pin 5V (GND/VCC row near analog pins).\n- Photocell - pin connects to Sensor Shield pin GND (GND/VCC row near analog pins).\n- Sensor Shield features extensive G, V, S pin headers for Digital and Analog pins.\n- MEGA Sensor Shield V1.3 labels include DIGITAL, ANALOG, PWM, ICSP, PWR_SEL, and pin references from 0–53.\n\nUncertainty: The exact connection point for the + and - wires on the sensor shield pins is visually crowded near the A0 label, though they map to the 5V and GND rows respectively.', '**Introduction:**\n\nPhotocell is commonly seen in our daily life and is mainly used in intelligent switch, also in common electronic design. To make it easier and more effective, we supply corresponding modules.\n\nPhotocell is a semiconductor. It has features of high sensitivity, quick response, spectral characteristic, and R-value consistence, maintaining high stability and reliability in environment extremes such as high temperature, high humidity.\n\nIt’s widely used in automatic control switch fields like cameras, garden solar lights, lawn lamps, money detectors, quartz clocks, music cups, gift boxes, mini night lights, sound and light control switches, etc.']",The photocell sensor uses an analog interface and a working voltage of 5V.,It uses an analog interface and operates at 5 V.,1.0,0.8918302366754213,1.0,0.999999999975
"How should the photocell sensor be connected, and what happens to its reading when it is covered?","['Authoritative document text:\n**Hardware Connection**\n\nTo begin with, you need to prepare the following parts:\n\n-   Control board \\* 1\n\n-   keyestudio Sensor Shield V5\\* 1\n\n-   USB Cable\\* 1\n\n-   Photocell sensor\\*1\n\n-   Dupont Line \\*3\n\nConnect the S pin to analog A0, negative pin to GND port, positive pin to 5V port.\n\nImage caption (use only for additional visual details):\nComponent: Keyestudio sensor shield and photocell sensor module.\nPurpose: Demonstrates the wired setup for a photocell project.\nTechnical details: The photocell sensor module is connected to the sensor shield via a 3-pin header. The sensor pin labels are visible as ""-"", ""+"", and ""S"". On the sensor shield, connections are made to the ""G"" (Ground), ""V"" (Voltage), and ""S"" (Signal/Analog) header pins. The sensor shield is powered via a USB cable. The ""PWR"" LED on the sensor shield is illuminated, indicating the board is receiving power.\nUncertainty: The exact pin number on the analog header used for the ""S"" connection is partially obscured, appearing near the A0 or A1 labels.', 'Authoritative document text:\n**Hardware Connection**\n\nTo begin with, you need to prepare the following parts:\n\n-   Control board \\* 1\n\n-   keyestudio Sensor Shield V5\\* 1\n\n-   USB Cable\\* 1\n\n-   Photocell sensor\\*1\n\n-   Dupont Line \\*3\n\nConnect the S pin to analog A0, negative pin to GND port, positive pin to 5V port.\n\nImage caption (use only for additional visual details):\nComponent: Keyestudio Sensor Shield V5.2 board and a photocell sensor module.\n\nPurpose: Demonstrates the wiring connections between a photocell sensor module and the analog pins of the Sensor Shield V5.2.\n\nTechnical details:\n- Photocell sensor pins: ""S"" (Signal), ""+"" (VCC), ""-"" (GND).\n- Shield A1 header: Connected to photocell ""S"" (purple wire).\n- Shield A2 header: Connected to photocell ""+"" (red wire).\n- Shield A3 header: Connected to photocell ""-"" (gray wire).\n- Shield headers labeled: G (GND), V (VCC), S (Signal).\n- Additional shield labels: RESET button, APC220, COM (TX/RX/GND/5V), IIC (SCL/SDA/5V/GND), POWER (RESET/3V3/5V/GND/VIN), ANALOG IN (0-5), SPI, URF.\n- Photocell module components: C1, R1 (labeled 472), and light-dependent resistor symbol.\n\nUncertainty: None.', 'Authoritative document text:\n**Hardware Connection**\n\nTo begin with, you need to prepare the following parts:\n\n-   Control board \\* 1\n\n-   keyestudio Sensor Shield V5\\* 1\n\n-   USB Cable\\* 1\n\n-   Photocell sensor\\*1\n\n-   Dupont Line \\*3\n\nConnect the S pin to analog A0, negative pin to GND port, positive pin to 5V port.\n\nImage caption (use only for additional visual details):\nComponent: Keyestudio MEGA Sensor Shield V1.3 and a photocell sensor module.\n\nPurpose: Demonstrates the wiring connection for a photocell sensor to the Sensor Shield V1.3.\n\nTechnical details:\n- Photocell module pins labeled: S (signal), + (positive), - (negative).\n- Photocell S pin connects to Sensor Shield pin A0.\n- Photocell + pin connects to Sensor Shield pin 5V (GND/VCC row near analog pins).\n- Photocell - pin connects to Sensor Shield pin GND (GND/VCC row near analog pins).\n- Sensor Shield features extensive G, V, S pin headers for Digital and Analog pins.\n- MEGA Sensor Shield V1.3 labels include DIGITAL, ANALOG, PWM, ICSP, PWR_SEL, and pin references from 0–53.\n\nUncertainty: The exact connection point for the + and - wires on the sensor shield pins is visually crowded near the A0 label, though they map to the 5V and GND rows respectively.', '**Hardware Connection**\n\nTo begin with, you need to prepare the following parts:\n\n-   Control board \\* 1\n\n-   keyestudio Sensor Shield V5\\* 1\n\n-   USB Cable\\* 1\n\n-   Photocell sensor\\*1\n\n-   Dupont Line \\*3\n\nConnect the S pin to analog A0, negative pin to GND port, positive pin to 5V port.', '**Example Result**\n\n\n\nDone wiring and powered up, upload well the code, then open the serial monitor; if cover the photocell on the sensor with your hand, you will see the analog value decrease.']","To connect the photocell sensor, connect the S pin to analog A0, the negative pin to the GND port, and the positive pin to the 5V port on the sensor shield. When you cover the photocell with your hand, the analog value reading will decrease.","Connect S to A0, − to GND, and + to 5 V. Covering it should decrease the analog reading.",1.0,0.8352366621906971,1.0,0.999999999975
"What does the analog sound sensor measure, and how can its sensitivity be adjusted?","['**Introduction:**\n\nAnalog Sound Sensor is typically used in detecting the loudness in ambient environment. The Arduino can collect its output signal by imitating the input interface. The sensor comes with a potentiometer, so that you can adjust the sensitivity. You can use it to make some interesting interactive works, such as a voice operated switch.', '**Example Result**\n\nDone wiring and powered up, upload well the code, then open the serial monitor and set the baud rate to 9600, you will see the analog value.\n\nWhen talking toward the micro head, the value will increase. Shown below.\n\nYou can the potentiometer to adjust the sensitivity.', '**Introduction:**\n\nThis analog gas sensor - MQ2 is used in gas leakage detecting equipment in consumer electronics and industrial markets.\n\nThis sensor is suitable for detecting LPG, I-butane, propane, methane, alcohol, Hydrogen and smoke. It has high sensitivity and quick response.\n\nIn addition, the sensitivity can be adjusted by the potentiometer.', 'Authoritative document text:\n**Hardware Connection**\n\nTo begin with, you need to prepare the following parts:\n\n-   Control board \\* 1\n\n-   keyestudio Sensor Shield V5\\* 1\n\n-   USB Cable\\* 1\n\n-   Sound sensor\\*1\n\n-   Dupont Line \\*3\n\nConnect the S pin to analog A0, negative pin to GND port, positive pin to 5V port.\n\nImage caption (use only for additional visual details):\nComponent: Keyestudio sensor shield mounted on an Arduino-style microcontroller board connected to a Keyestudio analog sound sensor module.\n\nPurpose: Demonstrates the physical wiring setup for an analog sound sensor project.\n\nTechnical details:\n- The sound sensor module is connected via a 3-pin jumper cable to the sensor shield.\n- Wiring layout: The sensor module pins (G, V, S) are connected to the sensor shield headers. Based on visual inspection, the black wire connects to a ground pin, the orange/red wire connects to a 5V/power pin, and the yellow wire connects to an analog input pin (A0 header).\n- The microcontroller board is powered via a blue USB cable.\n- The sound sensor features an onboard potentiometer (labeled 103) for sensitivity adjustment and a microphone element.\n\nUncertainty: Precise pin assignments on the sensor shield are obscured by the jumper cable orientation. The specific analog pin used cannot be definitively read due to component overlap.', '**Specification:**\n\n-   Supply Voltage: 3.3V to 5V\n\n-   Interface: Analog\n\n-   Detecting sound intensity']",The analog sound sensor measures the loudness or intensity of sound in the ambient environment. Its sensitivity can be adjusted using the onboard potentiometer.,"It measures ambient sound intensity, and its potentiometer adjusts sensitivity.",1.0,0.9433335801525069,1.0,0.9166666666361111
"How is the sound sensor connected, and how should its reading react when someone talks toward the microphone?","['**Introduction:**\n\nAnalog Sound Sensor is typically used in detecting the loudness in ambient environment. The Arduino can collect its output signal by imitating the input interface. The sensor comes with a potentiometer, so that you can adjust the sensitivity. You can use it to make some interesting interactive works, such as a voice operated switch.', 'Authoritative document text:\n**Hardware Connection**\n\nTo begin with, you need to prepare the following parts:\n\n-   Control board \\* 1\n\n-   keyestudio Sensor Shield V5\\* 1\n\n-   USB Cable\\* 1\n\n-   Sound sensor\\*1\n\n-   Dupont Line \\*3\n\nConnect the S pin to analog A0, negative pin to GND port, positive pin to 5V port.\n\nImage caption (use only for additional visual details):\nComponent: Keyestudio sensor shield mounted on an Arduino-style microcontroller board connected to a Keyestudio analog sound sensor module.\n\nPurpose: Demonstrates the physical wiring setup for an analog sound sensor project.\n\nTechnical details:\n- The sound sensor module is connected via a 3-pin jumper cable to the sensor shield.\n- Wiring layout: The sensor module pins (G, V, S) are connected to the sensor shield headers. Based on visual inspection, the black wire connects to a ground pin, the orange/red wire connects to a 5V/power pin, and the yellow wire connects to an analog input pin (A0 header).\n- The microcontroller board is powered via a blue USB cable.\n- The sound sensor features an onboard potentiometer (labeled 103) for sensitivity adjustment and a microphone element.\n\nUncertainty: Precise pin assignments on the sensor shield are obscured by the jumper cable orientation. The specific analog pin used cannot be definitively read due to component overlap.', '**Example Result**\n\nDone wiring and powered up, upload well the code, then open the serial monitor and set the baud rate to 9600, you will see the analog value.\n\nWhen talking toward the micro head, the value will increase. Shown below.\n\nYou can the potentiometer to adjust the sensitivity.', 'Authoritative document text:\n**Hardware Connection**\n\nTo begin with, you need to prepare the following parts:\n\n-   Control board \\* 1\n\n-   keyestudio Sensor Shield V5\\* 1\n\n-   USB Cable\\* 1\n\n-   Sound sensor\\*1\n\n-   Dupont Line \\*3\n\nConnect the S pin to analog A0, negative pin to GND port, positive pin to 5V port.\n\nImage caption (use only for additional visual details):\nComponent: Keyestudio Sensor Shield V5.2 and an Analog Sound Sensor module.\n\nPurpose: Demonstrates the wiring connection for an analog sound sensor to the Keyestudio Sensor Shield.\n\nTechnical details:\n- Shield connections: The sound sensor\'s three pins are connected to the Sensor Shield\'s analog pin block.\n- Wiring: \n  - Sensor output pin connected to shield A0 pin (purple wire).\n  - Sensor middle pin connected to shield V pin (red wire).\n  - Sensor GND pin connected to shield G pin (grey wire).\n- Board markings: The shield features ""keyestudio Sensor Shield V5.2"", reset button, ""COM"" (TX/RX/GND/5V), ""IIC"" (SCL/SDA/5V/GND), and ""APC220"" header.\n- Sensor module markings: ""Microphone"", ""D1"", ""D2"", ""R2"" (471), ""R1"" (102), ""C1"", ""C2"", ""C3"", ""C4"", ""C5"", ""C6"", and ""U1"".\n\nUncertainty: None.', 'Authoritative document text:\n**Hardware Connection**\n\nTo begin with, you need to prepare the following parts:\n\n-   Control board \\* 1\n\n-   keyestudio Sensor Shield V5\\* 1\n\n-   USB Cable\\* 1\n\n-   Sound sensor\\*1\n\n-   Dupont Line \\*3\n\nConnect the S pin to analog A0, negative pin to GND port, positive pin to 5V port.\n\nImage caption (use only for additional visual details):\nComponent: Keyestudio MEGA Sensor Shield V1.3 and an Analog Sound Sensor module.\n\nPurpose: Demonstrates the wiring connection between an Analog Sound Sensor and the Sensor Shield for an Arduino Mega 2560 R3.\n\nTechnical details:\n- The Analog Sound Sensor (labeled ""Microphone"") has three output pins.\n- Connection mapping:\n    - Sensor ""G"" (Ground) pin connects to the shield\'s ""G"" pin at the A0-A3 pin block (gray wire).\n    - Sensor ""V"" (VCC) pin connects to the shield\'s ""V"" pin at the A0-A3 pin block (red wire).\n    - Sensor ""S"" (Signal/Output) pin connects to the shield\'s ""S"" pin corresponding to A0 (purple wire).\n- The Sensor Shield features pin blocks labeled ""DIGITAL"", ""ANALOG"", and ""ANALOG IN"" with G/V/S groupings.\n\nUncertainty: None.']","To connect the sound sensor, connect the S pin to analog A0, the negative pin to the GND port, and the positive pin to the 5V port. When talking toward the microphone, the analog reading will increase.","Connect S to A0, − to GND, and + to 5 V. Speaking toward it should increase the displayed analog value.",1.0,0.902943000479386,1.0,0.0
How does the rotary encoder differ from a potentiometer in terms of rotation and counting?,"['**Introduction:**\n\nThe rotary encoder can count the pulse outputting times during the process of its rotation in positive and reverse direction by rotating. This rotating counting is unlimited, not like potential counting. It can be restored to initial state to count from 0 with the button on rotary encoder.\n\nCombined with other sensors, we can make interesting projects by reading the analog value from the IO port.', '**Description**\n\nThis analog rotation sensor is Arduino compatible. It is based on a potentiometer. Its voltage can be subdivided into 1024, easy to be connected to Arduino with our sensor shield.\n\nCombined with other sensors, you can use it to make interesting projects by reading the analog value from the IO port.', '**Example Result**\n\nWiring well and uploading the above code, you can rotate the encoder module to turn two LEDs on the traffic light module on and off.', '**Example Result**\n\n****\n\nDone wiring and powered up, upload well the code, then open the serial monitor and set the baud rate as 9600, you will see the analog value.\n\nIf rotate the knob on the potentiometer sensor, the value will be changed within 0-1023. Shown below.', ""Authoritative document text:\n**Hardware Connection**\n\nTo begin with, you need to prepare the following parts:\n\n-   Control board \\* 1\n\n-   keyestudio Sensor Shield V5\\* 1\n\n-   USB Cable\\* 1\n\n-   Rotary encoder sensor\\*1\n\n-   Traffic light module\\*1\n\n-   Dupont Line \\*8\n\nImage caption (use only for additional visual details):\nComponent: Keyestudio microcontroller board, rotary encoder module, and traffic light module.\n\nPurpose: Demonstrates the wiring and experimental setup for controlling LEDs on a traffic light module using a rotary encoder.\n\nTechnical details:\n- Rotary encoder pins labeled: CLK, DT, SW, +, -.\n- Traffic light module pins labeled: G, V, GND.\n- Microcontroller board interfaces include: AREF, GND, 13, 12, 11, 10, URF, O1, IIC, A0-A5, POWER (3.3V, 5V, VIN), and external power barrel jack.\n- Power source: External battery holder with two 3.7V 18650 Li-ion batteries connected to the board's power input.\n- Connections: Encoder and traffic light modules are wired to the microcontroller's digital I/O header pins.\n\nUncertainty: Precise pin-to-pin wiring correspondence between the modules and the microcontroller board cannot be determined due to wire bundling and top-down perspective.""]","A rotary encoder provides unlimited rotation and counting in both positive and reverse directions, and it can be reset to zero using its button. In contrast, a potentiometer provides a value that changes within a limited range (0-1023).","It can rotate and count pulses without a fixed endpoint, and its push button can reset the count to zero.",1.0,0.9025941386131976,1.0,0.9999999999
What does rotating the encoder control in the example experiment?,"['**Example Result**\n\nWiring well and uploading the above code, you can rotate the encoder module to turn two LEDs on the traffic light module on and off.', '**Introduction:**\n\nThe rotary encoder can count the pulse outputting times during the process of its rotation in positive and reverse direction by rotating. This rotating counting is unlimited, not like potential counting. It can be restored to initial state to count from 0 with the button on rotary encoder.\n\nCombined with other sensors, we can make interesting projects by reading the analog value from the IO port.', ""Authoritative document text:\n**Hardware Connection**\n\nTo begin with, you need to prepare the following parts:\n\n-   Control board \\* 1\n\n-   keyestudio Sensor Shield V5\\* 1\n\n-   USB Cable\\* 1\n\n-   Rotary encoder sensor\\*1\n\n-   Traffic light module\\*1\n\n-   Dupont Line \\*8\n\nImage caption (use only for additional visual details):\nComponent: Keyestudio microcontroller board, rotary encoder module, and traffic light module.\n\nPurpose: Demonstrates the wiring and experimental setup for controlling LEDs on a traffic light module using a rotary encoder.\n\nTechnical details:\n- Rotary encoder pins labeled: CLK, DT, SW, +, -.\n- Traffic light module pins labeled: G, V, GND.\n- Microcontroller board interfaces include: AREF, GND, 13, 12, 11, 10, URF, O1, IIC, A0-A5, POWER (3.3V, 5V, VIN), and external power barrel jack.\n- Power source: External battery holder with two 3.7V 18650 Li-ion batteries connected to the board's power input.\n- Connections: Encoder and traffic light modules are wired to the microcontroller's digital I/O header pins.\n\nUncertainty: Precise pin-to-pin wiring correspondence between the modules and the microcontroller board cannot be determined due to wire bundling and top-down perspective."", 'Authoritative document text:\n**Hardware Connection**\n\nTo begin with, you need to prepare the following parts:\n\n-   Control board \\* 1\n\n-   keyestudio Sensor Shield V5\\* 1\n\n-   USB Cable\\* 1\n\n-   Rotary encoder sensor\\*1\n\n-   Traffic light module\\*1\n\n-   Dupont Line \\*8\n\nImage caption (use only for additional visual details):\nComponent: Rotary encoder module, traffic light module, Keyestudio sensor shield, and 18650 battery holder.\n\nPurpose: Demonstrates the wiring setup for a rotary encoder project where the encoder controls LEDs on a traffic light module.\n\nTechnical details:\n- Rotary encoder module pins labeled: CLK, DT, SW, +, -.\n- Traffic light module labels: LED-G, LED-Y, LED-R.\n- Power source: Two 3.7V 18650 Li-ion batteries connected via a DC barrel jack to the Keyestudio sensor shield.\n- Connection: The encoder and traffic light modules are interfaced with the digital and analog pin headers on the sensor shield.\n\nUncertainty: Precise pin-to-pin mapping between the modules and the specific digital/analog header ports on the shield is obscured by wire clustering.', 'Authoritative document text:\n**Hardware Connection**\n\nTo begin with, you need to prepare the following parts:\n\n-   Control board \\* 1\n\n-   keyestudio Sensor Shield V5\\* 1\n\n-   USB Cable\\* 1\n\n-   Rotary encoder sensor\\*1\n\n-   Traffic light module\\*1\n\n-   Dupont Line \\*8\n\nImage caption (use only for additional visual details):\nComponent: Keyestudio Rotary Encoder module.\n\nPurpose: Illustrates the physical configuration and pinout of the rotary encoder module.\n\nTechnical details: The module features a central rotary shaft and a 5-pin header connector. Silk-screen labels adjacent to the pins are marked as ""CLK"", ""DT"", ""SW"", ""+"", and ""G"" (though the final character is partially obscured). The board is branded ""Keyestudio"".\n\nUncertainty: The final pin label is partially obscured but visually consistent with a ground (G) pin.']",Rotating the encoder controls the turning on and off of two LEDs on the traffic light module.,"It controls two LEDs on the traffic-light module, turning them on and off.",0.5,0.7842839083572386,1.0,0.8055555555287036
Which gases or vapors can the MQ-2 module detect according to the guide?,"['**Introduction:**\n\nThis analog gas sensor - MQ2 is used in gas leakage detecting equipment in consumer electronics and industrial markets.\n\nThis sensor is suitable for detecting LPG, I-butane, propane, methane, alcohol, Hydrogen and smoke. It has high sensitivity and quick response.\n\nIn addition, the sensitivity can be adjusted by the potentiometer.', 'Authoritative document text:\n**Hardware Connection**\n\nTo begin with, you need to prepare the following parts:\n\n-   Control board \\* 1\n\n-   keyestudio Sensor Shield V5\\* 1\n\n-   USB Cable\\* 1\n\n-   Analog gas sensor\\*1\n\n-   Dupont Line \\*3\n\nConnect the S pin to analog A0, negative pin to GND port, positive pin to 5V port.\n\nImage caption (use only for additional visual details):\nComponent: Keyestudio Sensor Shield V5.2 and an MQ-2 analog gas sensor module.\n\nPurpose: Demonstrates the wiring setup for an analog gas sensor project.\n\nTechnical details:\n- Sensor connections: The MQ-2 module pins are labeled A0, G, and V.\n- Shield connections: The sensor is connected to the Sensor Shield V5.2 analog pin header block labeled ""A0"".\n- Wiring:\n    - Module A0 to Shield A0 pin.\n    - Module G (Ground) to a ground pin in the A0 header row.\n    - Module V (VCC) to a power pin in the A0 header row.\n- Power: USB cable connected to the shield.\n- Indicators: ""led2"" is illuminated on the sensor module, and ""PWR"" is illuminated on the shield.\n\nUncertainty: None.', '# 2. Kit List \n\n**(Note: KS0399 kit with no board; KS0400 kit with V4.0 R3; KS0401 with 2560 MEGA R3)**\n\n| **No.** | **Item**                                                     | **Quantity** | **Picture**                                                  |\n| ------- | ------------------------------------------------------------ | ------------ | ------------------------------------------------------------ |\n| 1       | White LED module                                             | 1            |  |\n| 2       | RGB LED module                                               | 1            |  |\n| 3       | Traffic light module                                         | 1            |               |\n| 4       | Button switch module                                         | 1            |               |\n| 5       | Passive buzzer module                                        | 1            |               |\n| 6       | Capacitive touch module                                      | 1            |               |\n| 7       | Crash sensor                                                 | 1            |               |\n| 8       | Knock sensor                                                 | 1            |               |\n| 9       | Photo interrupter module                                     | 1            |               |\n| 10      | Ball Tilt switch sensor                                      | 1            |               |\n| 11      | PIR motion sensor                                            | 1            |  |\n| 12      | Reed switch module                                           | 1            |  |\n| 13      | Hall magnetic sensor                                         | 1            |               |\n| 14      | Line tracking sensor                                         | 1            |                                        |\n| 15      | Flame Sensor                                                 | 1            |                                        |\n| 16      | Obstacle avoidance sensor                                    | 1            |               |\n| 17      | Photo-resistor sensor                                        | 1            |  |\n| 18      | Microphone sound sensor                                      | 1            |  |\n| 19      | Rotary encoder sensor                                        | 1            |               |\n| 20      | MQ2 gas sensor                                               | 1            |               |\n| 21      | Steam sensor                                                 | 1            |               |\n| 22      | TEMT 6000 sensor                                             | 1            |              |\n| 23      | LM35 temperature sensor                                      | 1            |               |\n| 24      | DHT11 Temperature and Humidity Sensor                        | 1            |  |\n| 25      | Magical light cup module                                     | 2            |               |\n| 26      | IR receiver module                                           | 1            |               |\n| 27      | IR transmitter module                                        | 1            |               |\n| 28      | Ceramic vibration sensor                                     | 1            |               |\n| 29      | GUVA-S12SD 3528 Ultraviolet Sensor                           | 1            |               |\n| 30      | MMA8452Q Module Acceleration Tilt Sensor                     | 1            |               |\n| 31      | TMD27713 sensor ALS Infrared LED Optical Proximity Detection Module | 1            |               |\n| 32      | APDS-9930 Attitude Sensor Module                             | 1            |               |\n| 33      | Potentiometer sensor                                         | 1            |  |\n| 34      | DS3231 Clock module                                          | 1            |  |\n| 35      | Joystick module                                              | 1            |               |\n| 36      | Single relay module                                          | 1            |  |\n| 37      | HC-SR04 ultrasonic sensor                                    | 1            |  |', '**Introduction**\n\nKeyestudio attitude sensor module mainly uses APDS-9930 chip. APDS-9930 in a single 8 pin package can provide the ambient light sensor which is compatible with I2C interface and infrared LED proximity sensor.\n\nThe ambient light sensor uses double light diode to approximate the visual response of low lumen human under 0.01 lux illumination, and its high sensitivity allows the device to operate in the back of dark glass.\n\nThe proximity sensor which is completely adjusted can detect 100 mm object, and exempt the factory calibration requirements of terminal equipment as well as sub-components. From the bright sunlight to the dark room, proximity sensor’s proximity detection function can operate well.\n\nThis module added micro optical lens can provide infrared energy efficient transmission and reception, which can reduce the overall power consumption. In addition, its internal state machine can make the device into a low power mode, bringing a very low average power consumption.', '**Specification:**\n\n-   Power supply: 5V\n\n-   Interface type: Analog\n\n-   Wide detecting scope\n\n-   Quick response and High sensitivity\n\n-   Simple drive circuit\n\n-   Stable and long lifespan']","According to the guide, the MQ-2 module is suitable for detecting LPG, I-butane, propane, methane, alcohol, hydrogen, and smoke.","It can detect LPG, isobutane, propane, methane, alcohol, hydrogen, and smoke.",1.0,0.9200631741392443,1.0,0.9999999999
How is the MQ-2 gas sensor connected and how does the output behave when gas is detected?,"['**Introduction:**\n\nThis analog gas sensor - MQ2 is used in gas leakage detecting equipment in consumer electronics and industrial markets.\n\nThis sensor is suitable for detecting LPG, I-butane, propane, methane, alcohol, Hydrogen and smoke. It has high sensitivity and quick response.\n\nIn addition, the sensitivity can be adjusted by the potentiometer.', 'Authoritative document text:\n**Hardware Connection**\n\nTo begin with, you need to prepare the following parts:\n\n-   Control board \\* 1\n\n-   keyestudio Sensor Shield V5\\* 1\n\n-   USB Cable\\* 1\n\n-   Analog gas sensor\\*1\n\n-   Dupont Line \\*3\n\nConnect the S pin to analog A0, negative pin to GND port, positive pin to 5V port.\n\nImage caption (use only for additional visual details):\nComponent: Keyestudio Sensor Shield V5.2 and an MQ-2 analog gas sensor module.\n\nPurpose: Demonstrates the wiring setup for an analog gas sensor project.\n\nTechnical details:\n- Sensor connections: The MQ-2 module pins are labeled A0, G, and V.\n- Shield connections: The sensor is connected to the Sensor Shield V5.2 analog pin header block labeled ""A0"".\n- Wiring:\n    - Module A0 to Shield A0 pin.\n    - Module G (Ground) to a ground pin in the A0 header row.\n    - Module V (VCC) to a power pin in the A0 header row.\n- Power: USB cable connected to the shield.\n- Indicators: ""led2"" is illuminated on the sensor module, and ""PWR"" is illuminated on the shield.\n\nUncertainty: None.', 'Authoritative document text:\n**Hardware Connection**\n\nTo begin with, you need to prepare the following parts:\n\n-   Control board \\* 1\n\n-   keyestudio Sensor Shield V5\\* 1\n\n-   USB Cable\\* 1\n\n-   Analog gas sensor\\*1\n\n-   Dupont Line \\*3\n\nConnect the S pin to analog A0, negative pin to GND port, positive pin to 5V port.\n\nImage caption (use only for additional visual details):\nComponent: Keyestudio Sensor Shield V5.2 and an analog gas sensor module.\n\nPurpose: Demonstrates the wiring connection between an analog gas sensor and the Sensor Shield V5.2 for an analog gas sensor project.\n\nTechnical details:\n- Shield pins: The G (Ground) pin, V (Voltage) pin, and S (Signal) pin of the analog header (A0) on the shield are utilized.\n- Sensor pins: VCC, GND, DO (Digital Output), and AO (Analog Output).\n- Connections: \n    - Shield G pin to sensor GND pin (grey wire).\n    - Shield V pin to sensor VCC pin (red wire).\n    - Shield S pin (A0) to sensor AO pin (purple wire).\n- Shield includes: Reset button, PWR indicator, APC220 header, IIC header, and external power terminal (GND/VCC).\n- Sensor includes: Blue potentiometer and four 103 surface-mount resistors.\n\nUncertainty: None.', '**Example Result**\n\n\n\nDone wiring and powered up, upload well the code, then open the serial monitor and set the baud rate as 9600, you will see the analog value.\n\nWhen detecting the gas, the value will make a change.', 'Authoritative document text:\n**Hardware Connection**\n\nTo begin with, you need to prepare the following parts:\n\n-   Control board \\* 1\n\n-   keyestudio Sensor Shield V5\\* 1\n\n-   USB Cable\\* 1\n\n-   Analog gas sensor\\*1\n\n-   Dupont Line \\*3\n\nConnect the S pin to analog A0, negative pin to GND port, positive pin to 5V port.\n\nImage caption (use only for additional visual details):\nComponent: Arduino IDE Serial Monitor.\n\nPurpose: Displays the analog sensor output data stream for Project 20 (Analog Gas Sensor).\n\nTechnical details:\n- Connection: COM8.\n- Baud Rate: 9600.\n- Line Ending setting: No line ending.\n- Feature enabled: Autoscroll.\n- Data values: Column of increasing and decreasing numerical analog data points ranging from 146 to 233, reflecting sensor detection activity.\n\nUncertainty: None.']","To connect the MQ-2 gas sensor, connect its S (Signal) pin to the analog A0 port, the negative pin to the GND port, and the positive pin to the 5V port. When gas is detected, the sensor's analog output value will change.","Connect S to A0, − to GND, and + to 5 V. Gas exposure should change the analog reading.",1.0,0.9103593830194242,1.0,0.5888888888692593
